Abrostola_tripartita	HG996489.1	M20	0	6489206
Abrostola_tripartita	HG996489.1	M17	6489206	15219557
Acentria_ephemerella	OW971877.1	M20	0	6251731
Acentria_ephemerella	OW971877.1	M17	6251731	14446927
Acleris_emargana	OV656835.1	MZ	0	46448049
Acleris_emargana	OV656835.1	M17	46448049	67750763
Acleris_emargana	OV656835.1	M20	67750763	80586440
Acleris_emargana	OV656835.1	M17	80586440	90492039
Acleris_emargana	OV656835.1	M20	90492039	101224011
Acleris_sparsana	OV281285.1	M20	0	7800816
Acleris_sparsana	OV281285.1	M17	7800816	16869828
Acleris_sparsana	OV281285.1	M20	16869828	29268957
Acleris_sparsana	OV281285.1	M17	29268957	50020114
Acleris_sparsana	OV281285.1	MZ	50020114	98792858
Acrobasis_suavella	OW971928.1	MZ	0	29982489
Acrobasis_suavella	OW971930.1	M20	0	11198860
Acrobasis_suavella	OW971928.1	M13	29982489	51000710
Acrobasis_suavella	OW971930.1	M17	11198860	28198816
Acronicta_aceris	OU342760.1	M17	0	10214890
Acronicta_aceris	OU342760.1	M20	10214890	18343104
Agonopterix_arenella	OV656689.1	MZ	0	13290397
Agonopterix_arenella	OV656689.1	M13	13290397	15366837
Agonopterix_arenella	OV656689.1	MZ	15366837	20089931
Agonopterix_arenella	OV656692.1	M20	0	8867632
Agonopterix_arenella	OV656689.1	M13	20089931	30785055
Agonopterix_arenella	OV656692.1	M17	8867632	21526928
Agonopterix_subpropinquella	OV277693.1	M4	0	23770423
Agonopterix_subpropinquella	OV277693.1	MZ	23770423	47005304
Agonopterix_subpropinquella	OV277693.1	M13	47005304	52115332
Agonopterix_subpropinquella	OV277693.1	MZ	52115332	54756121
Agonopterix_subpropinquella	OV277694.1	M19	0	19472042
Agonopterix_subpropinquella	OV277696.1	M17	0	16892877
Agonopterix_subpropinquella	OV277693.1	M13	54756121	68253362
Agonopterix_subpropinquella	OV277694.1	M21	19472042	37690700
Agonopterix_subpropinquella	OV277696.1	M20	16892877	28224016
Agriopis_aurantiaria	OU611981.1	M26	0	12782051
Agriopis_aurantiaria	OU611984.1	M17	0	11061511
Agriopis_aurantiaria	OU611981.1	M28	12782051	22923517
Agriopis_aurantiaria	OU611984.1	M20	11061511	20324033
Agriopis_marginaria	OW029914.1	M24	0	10077573
Agriopis_marginaria	OW029914.1	M28	10077573	24441475
Agriopis_marginaria	OW029918.1	M20	0	8952783
Agriopis_marginaria	OW029914.1	M27	24441475	31945455
Agriopis_marginaria	OW029918.1	M17	8952783	20496085
Agriphila_geniculea	OX038870.1	MZ	0	28925361
Agriphila_geniculea	OX038869.1	M10	0	23140608
Agriphila_geniculea	OX038872.1	M20	0	13486030
Agriphila_geniculea	OX038869.1	M4	23140608	46870843
Agriphila_geniculea	OX038870.1	M30	28925361	43916186
Agriphila_geniculea	OX038872.1	M17	13486030	31584044
Agriphila_tristella	OV743430.1	MZ	0	35108571
Agriphila_tristella	OV743429.1	M19	0	18981443
Agriphila_tristella	OV743429.1	M20	18981443	22791412
Agriphila_tristella	OV743429.1	M19	22791412	27559135
Agriphila_tristella	OV743429.1	M20	27559135	42144168
Agriphila_tristella	OV743434.1	M2	0	34818552
Agriphila_tristella	OV743435.1	M23	0	26513191
Agriphila_tristella	OV743433.1	M8	0	27521951
Agriphila_tristella	OV743432.1	M18	0	26745621
Agriphila_tristella	OV743431.1	M7	0	31792453
Agriphila_tristella	OV743436.1	M9	0	29023941
Agriphila_tristella	OV743429.1	M17	42144168	62134667
Agriphila_tristella	OV743430.1	M10	35108571	61583981
Agriphila_tristella	OV743431.1	M4	31792453	58034467
Agriphila_tristella	OV743432.1	M6	26745621	57326755
Agriphila_tristella	OV743433.1	M22	27521951	56735056
Agriphila_tristella	OV743434.1	M24	34818552	55112948
Agriphila_tristella	OV743435.1	M13	26513191	51702748
Agriphila_tristella	OV743436.1	M29	29023941	45282966
Agrochola_circellaris	OU611839.1	M5	0	24349475
Agrochola_circellaris	OU611842.1	M17	0	12280544
Agrochola_circellaris	OU611839.1	M30	24349475	32976333
Agrochola_circellaris	OU611842.1	M20	12280544	21651102
Agrochola_macilenta	OU753554.1	M17	0	14713898
Agrochola_macilenta	OU753554.1	M20	14713898	25525065
Agrotis_puta	OW964169.1	M17	0	11268438
Agrotis_puta	OW964169.1	M20	11268438	20207101
Allophyes_oxyacanthae	OW028611.1	M17	0	10632096
Allophyes_oxyacanthae	OW028611.1	M20	10632096	18891746
Amphipyra_berbera	OU343123.1	M17	0	12872904
Amphipyra_berbera	OU343123.1	M20	12872904	22834236
Amphipyra_tragopoginis	HG991993.1	M17	0	18600600
Amphipyra_tragopoginis	HG991993.1	M20	18600600	30956389
Anthocharis_cardamines	FR989953.1	M17	0	7542379
Anthocharis_cardamines	FR989950.1	M6	0	11692274
Anthocharis_cardamines	FR989950.1	M29	11692274	17367467
Anthocharis_cardamines	FR989953.1	M20	7542379	14375608
Apamea_monoglypha	OU426916.1	M20	0	9423000
Apamea_monoglypha	OU426916.1	M17	9423000	21854915
Apeira_syringaria	OW203655.1	MZ	0	21674403
Apeira_syringaria	OW203657.1	M4	0	9952390
Apeira_syringaria	OW203657.1	M3	9952390	20846376
Apeira_syringaria	OW203661.1	M5	0	10134488
Apeira_syringaria	OW203656.1	M14	0	9103696
Apeira_syringaria	OW203656.1	M10	9103696	15971932
Apeira_syringaria	OW203656.1	M29	15971932	22245891
Apeira_syringaria	OW203659.1	M2	0	10522043
Apeira_syringaria	OW203654.1	M31	0	5868046
Apeira_syringaria	OW203654.1	M10	5868046	13707682
Apeira_syringaria	OW203654.1	M3	13707682	26210812
Apeira_syringaria	OW203664.1	M11	0	9248950
Apeira_syringaria	OW203660.1	M22	0	10063169
Apeira_syringaria	OW203668.1	M15	0	8383038
Apeira_syringaria	OW203658.1	M11	0	7800013
Apeira_syringaria	OW203658.1	M14	7800013	16197441
Apeira_syringaria	OW203663.1	M21	0	9707328
Apeira_syringaria	OW203662.1	M17	0	1203581
Apeira_syringaria	OW203662.1	M20	1203581	11446967
Apeira_syringaria	OW203667.1	M16	0	9570468
Apeira_syringaria	OW203666.1	M4	0	8600999
Apeira_syringaria	OW203665.1	M9	0	9407844
Apeira_syringaria	OW203654.1	M1	26210812	37666467
Apeira_syringaria	OW203655.1	M19	21674403	36044637
Apeira_syringaria	OW203656.1	M6	22245891	35277358
Apeira_syringaria	OW203657.1	M22	20846376	28522863
Apeira_syringaria	OW203658.1	M17	16197441	26599917
Apeira_syringaria	OW203659.1	M23	10522043	25937295
Apeira_syringaria	OW203660.1	M13	10063169	24872672
Apeira_syringaria	OW203661.1	M24	10134488	22169875
Apeira_syringaria	OW203662.1	M8	11446967	21853178
Apeira_syringaria	OW203663.1	M8	9707328	20999187
Apeira_syringaria	OW203664.1	M1	9248950	20495277
Apeira_syringaria	OW203665.1	M25	9407844	20359777
Apeira_syringaria	OW203666.1	M18	8600999	18759116
Apeira_syringaria	OW203667.1	M7	9570468	18564371
Apeira_syringaria	OW203668.1	M12	8383038	18194427
Aphantopus_hyperantus	LR761654.1	M19	0	11283360
Aphantopus_hyperantus	LR761651.1	M17	0	9588506
Aphantopus_hyperantus	LR761656.1	M29	0	4860245
Aphantopus_hyperantus	LR761651.1	M20	9588506	17319493
Aphantopus_hyperantus	LR761654.1	M26	11283360	16699249
Aphantopus_hyperantus	LR761656.1	M14	4860245	15949314
Aplocera_efformata	OV121043.1	M17	0	7869851
Aplocera_efformata	OV121043.1	M20	7869851	14128707
Aporia_crataegi	OU538746.1	M28	0	2158848
Aporia_crataegi	OU538746.1	M7	2158848	3167572
Aporia_crataegi	OU538746.1	M1	3167572	7714460
Aporia_crataegi	OU538743.1	M17	0	2133792
Aporia_crataegi	OU538743.1	M23	2133792	2912611
Aporia_crataegi	OU538743.1	M3	2912611	6757136
Aporia_crataegi	OU538737.1	M16	0	5181062
Aporia_crataegi	OU538737.1	M3	5181062	7709433
Aporia_crataegi	OU538745.1	M10	0	3618956
Aporia_crataegi	OU538745.1	M5	3618956	4900806
Aporia_crataegi	OU538745.1	M2	4900806	5590057
Aporia_crataegi	OU538733.1	M19	0	2737046
Aporia_crataegi	OU538733.1	M2	2737046	5640588
Aporia_crataegi	OU538733.1	M23	5640588	7654267
Aporia_crataegi	OU538736.1	M22	0	2991545
Aporia_crataegi	OU538736.1	M1	2991545	6683365
Aporia_crataegi	OU538736.1	M18	6683365	9459174
Aporia_crataegi	OU538747.1	M6	0	2838905
Aporia_crataegi	OU538747.1	M7	2838905	3684410
Aporia_crataegi	OU538747.1	M25	3684410	5663739
Aporia_crataegi	OU538731.1	M21	0	4091366
Aporia_crataegi	OU538731.1	M12	4091366	6323427
Aporia_crataegi	OU538731.1	M21	6323427	7525967
Aporia_crataegi	OU538731.1	M10	7525967	8911514
Aporia_crataegi	OU538744.1	M15	0	3429350
Aporia_crataegi	OU538744.1	M5	3429350	6542048
Aporia_crataegi	OU538735.1	M23	0	3437551
Aporia_crataegi	OU538735.1	M22	3437551	6025675
Aporia_crataegi	OU538729.1	M1	0	3410364
Aporia_crataegi	OU538729.1	M4	3410364	3778454
Aporia_crataegi	OU538729.1	M3	3778454	7753465
Aporia_crataegi	OU538729.1	M5	7753465	8929964
Aporia_crataegi	OU538729.1	M18	8929964	11496890
Aporia_crataegi	OU538739.1	M8	0	2822220
Aporia_crataegi	OU538739.1	M11	2822220	6519907
Aporia_crataegi	OU538734.1	M24	0	2002821
Aporia_crataegi	OU538734.1	M7	2002821	3600269
Aporia_crataegi	OU538734.1	M9	3600269	4648850
Aporia_crataegi	OU538734.1	M12	4648850	7218689
Aporia_crataegi	OU538740.1	M13	0	3351217
Aporia_crataegi	OU538740.1	M8	3351217	6757050
Aporia_crataegi	OU538748.1	M16	0	3540600
Aporia_crataegi	OU538748.1	M20	3540600	6241056
Aporia_crataegi	OU538738.1	M18	0	2756850
Aporia_crataegi	OU538738.1	M15	2756850	6249862
Aporia_crataegi	OU538741.1	M7	0	1645382
Aporia_crataegi	OU538741.1	M9	1645382	3020070
Aporia_crataegi	OU538741.1	M4	3020070	7082237
Aporia_crataegi	OU538730.1	M6	0	2620093
Aporia_crataegi	OU538730.1	M24	2620093	4906697
Aporia_crataegi	OU538730.1	M15	4906697	5949833
Aporia_crataegi	OU538730.1	M14	5949833	8974621
Aporia_crataegi	OU538742.1	M9	0	3735646
Aporia_crataegi	OU538742.1	M12	3735646	6854551
Aporia_crataegi	OU538749.1	M20	0	2926179
Aporia_crataegi	OU538749.1	M27	2926179	6591525
Aporia_crataegi	OU538750.1	M31	0	2483952
Aporia_crataegi	OU538729.1	M4	11496890	12847094
Aporia_crataegi	OU538730.1	M11	8974621	11893382
Aporia_crataegi	OU538731.1	M26	8911514	11064054
Aporia_crataegi	OU538733.1	M10	7654267	10558410
Aporia_crataegi	OU538734.1	M9	7218689	10372526
Aporia_crataegi	OU538735.1	M8	6025675	10345717
Aporia_crataegi	OU538736.1	M17	9459174	9977466
Aporia_crataegi	OU538737.1	M19	7709433	9757128
Aporia_crataegi	OU538738.1	M6	6249862	9636729
Aporia_crataegi	OU538739.1	M2	6519907	9626953
Aporia_crataegi	OU538740.1	M7	6757050	9508212
Aporia_crataegi	OU538741.1	M2	7082237	9469082
Aporia_crataegi	OU538742.1	M26	6854551	9420423
Aporia_crataegi	OU538743.1	M5	6757136	9394100
Aporia_crataegi	OU538744.1	M4	6542048	9365229
Aporia_crataegi	OU538745.1	M14	5590057	8832262
Aporia_crataegi	OU538746.1	M28	7714460	8785823
Aporia_crataegi	OU538747.1	M13	5663739	8738702
Aporia_crataegi	OU538748.1	M18	6241056	8733215
Aporia_crataegi	OU538749.1	M21	6591525	8364946
Aporia_crataegi	OU538750.1	M29	2483952	6599438
Aporophyla_lueneburgensis	OW028737.1	M20	0	14409762
Aporophyla_lueneburgensis	OW028737.1	M17	14409762	36011775
Apotomis_betuletana	OW026298.1	MZ	0	27372541
Apotomis_betuletana	OW026298.1	M17	27372541	45110845
Apotomis_betuletana	OW026299.1	M13	0	17218670
Apotomis_betuletana	OW026300.1	M26	0	13210234
Apotomis_betuletana	OW026298.1	M20	45110845	59814915
Apotomis_betuletana	OW026299.1	M5	17218670	41423650
Apotomis_betuletana	OW026300.1	M18	13210234	36388409
Apotomis_turbidana	LR990280.1	MZ	0	27483311
Apotomis_turbidana	LR990280.1	M17	27483311	45623328
Apotomis_turbidana	LR990281.1	M5	0	24013267
Apotomis_turbidana	LR990282.1	M26	0	14332307
Apotomis_turbidana	LR990280.1	M20	45623328	61450864
Apotomis_turbidana	LR990281.1	M13	24013267	42158560
Apotomis_turbidana	LR990282.1	M18	14332307	38832826
Aricia_agestis	LR990275.1	M31	0	3826335
Aricia_agestis	LR990256.1	M4	0	19396833
Aricia_agestis	LR990258.1	M5	0	1475519
Aricia_agestis	LR990258.1	M25	1475519	6667978
Aricia_agestis	LR990257.1	M19	0	11303944
Aricia_agestis	LR990261.1	M29	0	5123654
Aricia_agestis	LR990264.1	M17	0	10606273
Aricia_agestis	LR990259.1	M18	0	15950994
Aricia_agestis	LR990260.1	M23	0	9524674
Aricia_agestis	LR990262.1	M26	0	4880548
Aricia_agestis	LR990262.1	M14	4880548	11626336
Aricia_agestis	LR990262.1	M26	11626336	13355483
Aricia_agestis	LR990256.1	MZ	19396833	42150342
Aricia_agestis	LR990257.1	M1	11303944	28198316
Aricia_agestis	LR990258.1	M5	6667978	24835252
Aricia_agestis	LR990259.1	M30	15950994	24265812
Aricia_agestis	LR990260.1	M11	9524674	22860255
Aricia_agestis	LR990261.1	M12	5123654	21698237
Aricia_agestis	LR990262.1	M14	13355483	20997721
Aricia_agestis	LR990264.1	M20	10606273	19030843
Aricia_agestis	LR990275.1	M28	3826335	14506835
Aricia_artaxerxes	OW569307.1	M31	0	4212141
Aricia_artaxerxes	OW569310.1	M4	0	20577447
Aricia_artaxerxes	OW569289.1	M5	0	18872967
Aricia_artaxerxes	OW569289.1	M25	18872967	24410213
Aricia_artaxerxes	OW569288.1	M19	0	12247212
Aricia_artaxerxes	OW569292.1	M12	0	18117619
Aricia_artaxerxes	OW569295.1	M17	0	11083234
Aricia_artaxerxes	OW569290.1	M30	0	8793793
Aricia_artaxerxes	OW569291.1	M23	0	10433647
Aricia_artaxerxes	OW569293.1	M14	0	7930187
Aricia_artaxerxes	OW569293.1	M26	7930187	8663636
Aricia_artaxerxes	OW569293.1	M14	8663636	15846143
Aricia_artaxerxes	OW569288.1	M1	12247212	30223477
Aricia_artaxerxes	OW569289.1	M5	24410213	26283332
Aricia_artaxerxes	OW569290.1	M18	8793793	25496510
Aricia_artaxerxes	OW569291.1	M11	10433647	23914000
Aricia_artaxerxes	OW569292.1	M29	18117619	22530779
Aricia_artaxerxes	OW569293.1	M26	15846143	22041851
Aricia_artaxerxes	OW569295.1	M20	11083234	20114245
Aricia_artaxerxes	OW569307.1	M28	4212141	14937510
Aricia_artaxerxes	OW569310.1	MZ	20577447	45450413
Atethmia_centrago	HG995369.1	M20	0	14326864
Atethmia_centrago	HG995369.1	M17	14326864	35020973
Autographa_gamma	LR989851.1	M20	0	6204222
Autographa_gamma	LR989851.1	M17	6204222	13963362
Autographa_pulchrina	FR997764.1	M20	0	6877394
Autographa_pulchrina	FR997764.1	M17	6877394	15342159
Bembecia_ichneumoniformis	OU342523.1	M17	0	12444170
Bembecia_ichneumoniformis	OU342523.1	M20	12444170	21329619
Biston_betularia	FR989865.1	M17	0	8957774
Biston_betularia	FR989865.1	M20	8957774	16627922
Blastobasis_adustella	OU026114.1	M13	0	10332321
Blastobasis_adustella	OU026114.1	MZ	10332321	24532702
Blastobasis_adustella	OU026114.1	M13	24532702	28842847
Blastobasis_adustella	OU026119.1	M17	0	12885422
Blastobasis_adustella	OU026114.1	MZ	28842847	33699264
Blastobasis_adustella	OU026119.1	M20	12885422	21302009
Blastobasis_lacticolella	LR990039.1	MZ	0	4933440
Blastobasis_lacticolella	LR990039.1	M13	4933440	12241104
Blastobasis_lacticolella	LR990039.1	MZ	12241104	24671225
Blastobasis_lacticolella	LR990046.1	M20	0	8983333
Blastobasis_lacticolella	LR990039.1	M13	24671225	35431177
Blastobasis_lacticolella	LR990046.1	M17	8983333	21880696
Boloria_selene	HG993131.1	MZ	0	16457835
Boloria_selene	HG993133.1	M17	0	9071842
Boloria_selene	HG993131.1	M26	16457835	25989679
Boloria_selene	HG993133.1	M20	9071842	16069783
Bombyx_mori	BHWX01000015.1	M20	0	8097648
Bombyx_mori	BHWX01000023.1	M16	0	16357366
Bombyx_mori	BHWX01000011.1	M31	0	4248449
Bombyx_mori	BHWX01000024.1	M27	0	11906935
Bombyx_mori	BHWX01000011.1	M4	4248449	20440007
Bombyx_mori	BHWX01000015.1	M17	8097648	18440292
Bombyx_mori	BHWX01000023.1	M29	16357366	21465692
Bombyx_mori	BHWX01000024.1	M30	11906935	17359173
Brachylomia_viminalis	OW443296.1	M17	0	16943178
Brachylomia_viminalis	OW443296.1	M20	16943178	29658727
Brenthis_ino	OV170229.1	M13	0	1896440
Brenthis_ino	OV170229.1	M31	1896440	5614139
Brenthis_ino	OV170229.1	M13	5614139	10944543
Brenthis_ino	OV170229.1	M28	10944543	18266134
Brenthis_ino	OV170231.1	MZ	0	17358462
Brenthis_ino	OV170222.1	M15	0	7104432
Brenthis_ino	OV170222.1	M3	7104432	12620600
Brenthis_ino	OV170222.1	M24	12620600	25110969
Brenthis_ino	OV170221.1	M29	0	6167286
Brenthis_ino	OV170221.1	M10	6167286	14330748
Brenthis_ino	OV170221.1	M14	14330748	26964378
Brenthis_ino	OV170232.1	M8	0	7833209
Brenthis_ino	OV170232.1	M19	7833209	16115224
Brenthis_ino	OV170224.1	M18	0	14916655
Brenthis_ino	OV170224.1	M10	14916655	22610373
Brenthis_ino	OV170226.1	M1	0	8340853
Brenthis_ino	OV170226.1	M21	8340853	22338114
Brenthis_ino	OV170225.1	M22	0	5656790
Brenthis_ino	OV170225.1	M12	5656790	13721176
Brenthis_ino	OV170225.1	M15	13721176	22508498
Brenthis_ino	OV170228.1	M12	0	8209954
Brenthis_ino	OV170228.1	M4	8209954	21306789
Brenthis_ino	OV170223.1	M3	0	6135482
Brenthis_ino	OV170223.1	M20	6135482	13702963
Brenthis_ino	OV170223.1	M17	13702963	23118520
Brenthis_ino	OV170234.1	M7	0	7242618
Brenthis_ino	OV170233.1	M27	0	9404978
Brenthis_ino	OV170233.1	M3	9404978	12519536
Brenthis_ino	OV170230.1	M26	0	10690920
Brenthis_ino	OV170227.1	M9	0	7045600
Brenthis_ino	OV170227.1	M11	7045600	21165996
Brenthis_ino	OV170221.1	M5	26964378	42993422
Brenthis_ino	OV170222.1	M8	25110969	32739109
Brenthis_ino	OV170223.1	M7	23118520	32520269
Brenthis_ino	OV170224.1	M2	22610373	31217969
Brenthis_ino	OV170225.1	M1	22508498	31085872
Brenthis_ino	OV170226.1	M2	22338114	30346087
Brenthis_ino	OV170227.1	M9	21165996	29515433
Brenthis_ino	OV170228.1	M30	21306789	29209687
Brenthis_ino	OV170229.1	M13	18266134	27256019
Brenthis_ino	OV170230.1	M6	10690920	26249202
Brenthis_ino	OV170231.1	M25	17358462	25773399
Brenthis_ino	OV170232.1	M22	16115224	25232793
Brenthis_ino	OV170233.1	M23	12519536	24472797
Brenthis_ino	OV170234.1	M16	7242618	21896077
Calamotropha_paludella	OV656803.1	M23	0	18847734
Calamotropha_paludella	OV656805.1	M17	0	17986317
Calamotropha_paludella	OV656803.1	MZ	18847734	47976261
Calamotropha_paludella	OV656805.1	M20	17986317	31370725
Campaea_margaritaria	OU538791.1	M17	0	7451719
Campaea_margaritaria	OU538791.1	M20	7451719	13629457
Caradrina_clavipalpis	OW052089.1	M17	0	10120212
Caradrina_clavipalpis	OW052089.1	M20	10120212	18161234
Carcina_quercana	OU342426.1	MZ	0	13931236
Carcina_quercana	OU342429.1	M17	0	9463866
Carcina_quercana	OU342426.1	M13	13931236	23876981
Carcina_quercana	OU342429.1	M20	9463866	17049308
Carposina_sasakii	CP053151.1	M17	0	9190374
Carposina_sasakii	CP053151.1	M20	9190374	16341225
Carterocephalus_palaemon	OX155641.1	M17	0	8597145
Carterocephalus_palaemon	OX155641.1	M20	8597145	15411350
Catocala_fraxini	OV884026.1	M20	0	7325372
Catocala_fraxini	OV884026.1	M17	7325372	9169984
Catocala_fraxini	OV884026.1	M20	9169984	14480985
Catocala_fraxini	OV884026.1	M17	14480985	31049611
Celastrina_argiolus	LR994597.1	M31	0	4199020
Celastrina_argiolus	LR994579.1	M5	0	1816061
Celastrina_argiolus	LR994579.1	M25	1816061	7216465
Celastrina_argiolus	LR994577.1	M1	0	19932883
Celastrina_argiolus	LR994581.1	M12	0	20016308
Celastrina_argiolus	LR994584.1	M20	0	9290888
Celastrina_argiolus	LR994578.1	M30	0	7515837
Celastrina_argiolus	LR994580.1	M23	0	10437284
Celastrina_argiolus	LR994582.1	M26	0	7399580
Celastrina_argiolus	LR994582.1	M14	7399580	15787235
Celastrina_argiolus	LR994582.1	M26	15787235	16335391
Celastrina_argiolus	LR994577.1	M19	19932883	29052767
Celastrina_argiolus	LR994578.1	M18	7515837	24852115
Celastrina_argiolus	LR994579.1	M5	7216465	24553944
Celastrina_argiolus	LR994580.1	M11	10437284	24507557
Celastrina_argiolus	LR994581.1	M29	20016308	24418972
Celastrina_argiolus	LR994582.1	M14	16335391	24035095
Celastrina_argiolus	LR994584.1	M17	9290888	21462864
Celastrina_argiolus	LR994597.1	M28	4199020	16517200
Chloroclysta_siterata	OW028591.1	M31	0	5030848
Chloroclysta_siterata	OW028591.1	M28	5030848	15158680
Chloroclysta_siterata	OW028592.1	M19	0	11160418
Chloroclysta_siterata	OW028589.1	M29	0	7684519
Chloroclysta_siterata	OW028589.1	M27	7684519	17114580
Chloroclysta_siterata	OW028595.1	M30	0	9630520
Chloroclysta_siterata	OW028593.1	M24	0	9987256
Chloroclysta_siterata	OW028599.1	M20	0	8062096
Chloroclysta_siterata	OW028594.1	M22	0	14348862
Chloroclysta_siterata	OW028588.1	M8	0	15664035
Chloroclysta_siterata	OW028590.1	M11	0	14997006
Chloroclysta_siterata	OW028596.1	M21	0	14108846
Chloroclysta_siterata	OW028588.1	M15	15664035	31593026
Chloroclysta_siterata	OW028589.1	M10	17114580	31293725
Chloroclysta_siterata	OW028590.1	M4	14997006	29981466
Chloroclysta_siterata	OW028591.1	M23	15158680	28420870
Chloroclysta_siterata	OW028592.1	M6	11160418	26173655
Chloroclysta_siterata	OW028593.1	M13	9987256	24959654
Chloroclysta_siterata	OW028594.1	M26	14348862	24937436
Chloroclysta_siterata	OW028595.1	M12	9630520	24933739
Chloroclysta_siterata	OW028596.1	M25	14108846	23205051
Chloroclysta_siterata	OW028599.1	M17	8062096	18294661
Chrysoteuchia_culmella	OU342642.1	M17	0	15130673
Chrysoteuchia_culmella	OU342642.1	M20	15130673	26466438
Clostera_curtula	FR997794.1	MZ	0	19826971
Clostera_curtula	FR997798.1	M17	0	11739072
Clostera_curtula	FR997815.1	M30	0	9367087
Clostera_curtula	FR997794.1	M25	19826971	27404194
Clostera_curtula	FR997798.1	M20	11739072	21145763
Clostera_curtula	FR997815.1	M31	9367087	15071178
Colias_croceus	HG991960.1	M20	0	6418287
Colias_croceus	HG991960.1	M17	6418287	13248411
Cosmia_trapezina	LR991022.1	M17	0	18871834
Cosmia_trapezina	LR991022.1	M20	18871834	31672493
Craniophora_ligustri	LR990957.1	M17	0	9650894
Craniophora_ligustri	LR990957.1	M20	9650894	17111821
Crocallis_elinguaria	OU026071.1	M29	0	6041396
Crocallis_elinguaria	OU026071.1	M28	6041396	13973857
Crocallis_elinguaria	OU026068.1	M3	0	17710551
Crocallis_elinguaria	OU026070.1	M6	0	15680101
Crocallis_elinguaria	OU026072.1	M19	0	8530904
Crocallis_elinguaria	OU026074.1	M31	0	4916757
Crocallis_elinguaria	OU026067.1	M25	0	6625020
Crocallis_elinguaria	OU026067.1	M12	6625020	23929005
Crocallis_elinguaria	OU026069.1	M1	0	18475838
Crocallis_elinguaria	OU026066.1	M21	0	14565238
Crocallis_elinguaria	OU026066.1	M26	14565238	22829351
Crocallis_elinguaria	OU026078.1	M17	0	9946736
Crocallis_elinguaria	OU026073.1	M22	0	15188461
Crocallis_elinguaria	OU026065.1	M11	0	14117598
Crocallis_elinguaria	OU026065.1	M24	14117598	23235160
Crocallis_elinguaria	OU026076.1	M23	0	11689548
Crocallis_elinguaria	OU026065.1	M16	23235160	38734590
Crocallis_elinguaria	OU026066.1	M13	22829351	37899481
Crocallis_elinguaria	OU026067.1	M15	23929005	37508892
Crocallis_elinguaria	OU026068.1	M18	17710551	34113018
Crocallis_elinguaria	OU026069.1	M7	18475838	33682117
Crocallis_elinguaria	OU026070.1	M5	15680101	32482826
Crocallis_elinguaria	OU026071.1	M14	13973857	28485152
Crocallis_elinguaria	OU026072.1	M4	8530904	25438955
Crocallis_elinguaria	OU026073.1	M27	15188461	22493353
Crocallis_elinguaria	OU026074.1	M10	4916757	20584812
Crocallis_elinguaria	OU026076.1	M30	11689548	18347277
Crocallis_elinguaria	OU026078.1	M20	9946736	18255426
Cyaniris_semiargus	LR994567.1	M28	0	7608623
Cyaniris_semiargus	LR994548.1	M5	0	16986295
Cyaniris_semiargus	LR994548.1	M25	16986295	22246665
Cyaniris_semiargus	LR994546.1	M1	0	19566688
Cyaniris_semiargus	LR994551.1	M12	0	18371239
Cyaniris_semiargus	LR994554.1	M17	0	10842713
Cyaniris_semiargus	LR994549.1	M30	0	7669800
Cyaniris_semiargus	LR994550.1	M11	0	13753796
Cyaniris_semiargus	LR994552.1	M26	0	5124848
Cyaniris_semiargus	LR994552.1	M14	5124848	11916620
Cyaniris_semiargus	LR994552.1	M26	11916620	13663971
Cyaniris_semiargus	LR994546.1	M19	19566688	28312907
Cyaniris_semiargus	LR994548.1	M5	22246665	23826294
Cyaniris_semiargus	LR994549.1	M18	7669800	23585568
Cyaniris_semiargus	LR994550.1	M23	13753796	23188126
Cyaniris_semiargus	LR994551.1	M29	18371239	22666739
Cyaniris_semiargus	LR994552.1	M14	13663971	21244464
Cyaniris_semiargus	LR994554.1	M20	10842713	19757028
Cyaniris_semiargus	LR994567.1	M31	7608623	14578958
Cydia_splendana	OU342871.1	M20	0	11981147
Cydia_splendana	OU342871.1	M17	11981147	22218789
Cydia_splendana	OU342872.1	M13	0	15626039
Cydia_splendana	OU342873.1	M26	0	10172535
Cydia_splendana	OU342871.1	MZ	22218789	49817474
Cydia_splendana	OU342872.1	M5	15626039	36108118
Cydia_splendana	OU342873.1	M18	10172535	31490872
Danaus_plexippus_plexippus	CM019213.1	M14	0	5527464
Danaus_plexippus_plexippus	CM019184.1	M17	0	6330394
Danaus_plexippus_plexippus	CM019184.1	M20	6330394	10631990
Danaus_plexippus_plexippus	CM019213.1	MZ	5527464	15616146
Deilephila_porcellus	LR999973.1	M20	0	7552997
Deilephila_porcellus	LR999971.1	M9	0	14966864
Deilephila_porcellus	LR999978.1	M24	0	10689920
Deilephila_porcellus	LR999971.1	M30	14966864	20414065
Deilephila_porcellus	LR999973.1	M17	7552997	16782530
Deilephila_porcellus	LR999978.1	M25	10689920	15639778
Dendrolimus_kikuchii	CM034387.1	MZ	0	27696177
Dendrolimus_kikuchii	CM034391.1	M20	0	12495588
Dendrolimus_kikuchii	CM034388.1	M29	0	8028744
Dendrolimus_kikuchii	CM034387.1	M31	27696177	39873126
Dendrolimus_kikuchii	CM034388.1	M16	8028744	32160216
Dendrolimus_kikuchii	CM034391.1	M17	12495588	28641434
Dendrolimus_punctatus	CM022531.1	M20	0	7988664
Dendrolimus_punctatus	CM022531.1	M17	7988664	20057185
Dendrolimus_punctatus	CM022527.1	M16	0	19425448
Dendrolimus_punctatus	CM022527.1	M29	19425448	27739167
Dendrolimus_punctatus	CM022531.1	M20	20057185	24238368
Diachrysia_chrysitis	OW028643.1	M20	0	6799039
Diachrysia_chrysitis	OW028643.1	M17	6799039	15124336
Diarsia_rubi	OW026414.1	M17	0	13504279
Diarsia_rubi	OW026414.1	M20	13504279	23715147
Dryas_iulia_moderata	CM032417.1	M17	0	8948939
Dryas_iulia_moderata	CM032417.1	M20	8948939	17062439
Dryobotodes_eremita	OU823246.1	M20	0	10340565
Dryobotodes_eremita	OU823246.1	M17	10340565	24767613
Ecliptopera_silaceata	OW052196.1	M28	0	5715816
Ecliptopera_silaceata	OW052190.1	MZ	0	12524395
Ecliptopera_silaceata	OW052193.1	M17	0	6990717
Ecliptopera_silaceata	OW052190.1	M29	12524395	17583276
Ecliptopera_silaceata	OW052193.1	M20	6990717	13043780
Ecliptopera_silaceata	OW052196.1	M30	5715816	12113180
Ectropis_grisescens	CM029781.1	M20	0	14613435
Ectropis_grisescens	CM029781.1	M17	14613435	33464508
Eilema_depressum	OU612012.1	M26	0	13655876
Eilema_depressum	OU612014.1	M20	0	11204265
Eilema_depressum	OU612012.1	MZ	13655876	46029750
Eilema_depressum	OU612014.1	M17	11204265	25731432
Eilema_sororcula	OU618532.1	M26	0	16115266
Eilema_sororcula	OU618534.1	M17	0	16089614
Eilema_sororcula	OU618532.1	MZ	16115266	51764148
Eilema_sororcula	OU618534.1	M20	16089614	28876792
Emmelina_monodactyla	OU745300.1	M5	0	10917873
Emmelina_monodactyla	OU745304.1	M17	0	6756877
Emmelina_monodactyla	OU745320.1	M25	0	4501359
Emmelina_monodactyla	OU745300.1	M26	10917873	15905434
Emmelina_monodactyla	OU745304.1	M20	6756877	12167825
Emmelina_monodactyla	OU745320.1	M29	4501359	9485677
Endotricha_flammealis	LR990855.1	M20	0	8091287
Endotricha_flammealis	LR990855.1	M17	8091287	18370051
Ennomos_fuscantarius	HG992026.1	M20	0	8094570
Ennomos_fuscantarius	HG992026.1	M17	8094570	17843064
Ennomos_quercinarius	OU342490.1	M20	0	9081500
Ennomos_quercinarius	OU342490.1	M17	9081500	20118848
Ephestia_elutella	CM031578.1	M17	0	13724456
Ephestia_elutella	CM031578.1	M20	13724456	23239200
Epinotia_nisella	OW028673.1	MZ	0	21754327
Epinotia_nisella	OW028673.1	M17	21754327	34377643
Epinotia_nisella	OW028674.1	M5	0	24547892
Epinotia_nisella	OW028675.1	M26	0	5842737
Epinotia_nisella	OW028675.1	M18	5842737	9832356
Epinotia_nisella	OW028675.1	M26	9832356	15103461
Epinotia_nisella	OW028673.1	M20	34377643	45621359
Epinotia_nisella	OW028674.1	M13	24547892	39800166
Epinotia_nisella	OW028675.1	M18	15103461	32971624
Erannis_defoliaria	FR990066.1	M13	0	14659352
Erannis_defoliaria	FR990068.1	M20	0	9807928
Erannis_defoliaria	FR990086.1	M29	0	8001581
Erannis_defoliaria	FR990066.1	M24	14659352	26948889
Erannis_defoliaria	FR990068.1	M17	9807928	21761038
Erannis_defoliaria	FR990086.1	M25	8001581	17341766
Erebia_aethiops	OV281086.1	M28	0	8622180
Erebia_aethiops	OV281079.1	MZ	0	20401913
Erebia_aethiops	OV281088.1	M19	0	13690739
Erebia_aethiops	OV281085.1	M10	0	15657861
Erebia_aethiops	OV281080.1	M12	0	19029957
Erebia_aethiops	OV281083.1	M6	0	14996214
Erebia_aethiops	OV281084.1	M30	0	10994507
Erebia_aethiops	OV281084.1	M20	10994507	19408853
Erebia_aethiops	OV281082.1	M22	0	15831235
Erebia_aethiops	OV281087.1	M25	0	6924027
Erebia_aethiops	OV281081.1	M23	0	13505766
Erebia_aethiops	OV281094.1	M29	0	5370341
Erebia_aethiops	OV281097.1	M27	0	9917655
Erebia_aethiops	OV281079.1	M18	20401913	37954409
Erebia_aethiops	OV281080.1	M21	19029957	33250929
Erebia_aethiops	OV281081.1	M9	13505766	32763723
Erebia_aethiops	OV281082.1	M7	15831235	32718998
Erebia_aethiops	OV281083.1	M13	14996214	30437488
Erebia_aethiops	OV281084.1	M17	19408853	30006606
Erebia_aethiops	OV281085.1	M24	15657861	26256363
Erebia_aethiops	OV281086.1	M11	8622180	25856419
Erebia_aethiops	OV281087.1	M16	6924027	23962118
Erebia_aethiops	OV281088.1	M26	13690739	20717660
Erebia_aethiops	OV281094.1	M14	5370341	17949451
Erebia_aethiops	OV281097.1	M31	9917655	15759670
Erebia_ligea	OU785221.1	M19	0	10184587
Erebia_ligea	OU785220.1	M20	0	9637685
Erebia_ligea	OU785228.1	M29	0	5927704
Erebia_ligea	OU785220.1	M17	9637685	22111991
Erebia_ligea	OU785221.1	M26	10184587	22009152
Erebia_ligea	OU785228.1	M14	5927704	20064828
Erynnis_tages	LR990075.1	M20	0	6084434
Erynnis_tages	LR990075.1	M17	6084434	13833434
Euclidia_mi	OX123187.1	M20	0	15289299
Euclidia_mi	OX123187.1	M17	15289299	20790361
Euclidia_mi	OX123187.1	M20	20790361	37675174
Euclidia_mi	OX123187.1	M17	37675174	97368741
Eueides_isabella	CM032385.1	M17	0	9719188
Eueides_isabella	CM032385.1	M20	9719188	17883974
Eulithis_prunata	OU974009.1	M17	0	5958393
Eulithis_prunata	OU974028.1	M31	0	2687804
Eulithis_prunata	OU974009.1	M20	5958393	10970557
Eulithis_prunata	OU974028.1	M30	2687804	7537951
Eupithecia_abbreviata	OX030976.1	M17	0	7965368
Eupithecia_abbreviata	OX030976.1	M20	7965368	14619947
Eupithecia_centaureata	OX155679.1	M17	0	9606572
Eupithecia_centaureata	OX155700.1	M1	0	4332108
Eupithecia_centaureata	OX155679.1	M20	9606572	17566564
Eupithecia_centaureata	OX155700.1	M6	4332108	11425182
Euplexia_lucipara	OV179145.1	M17	0	14433093
Euplexia_lucipara	OV179145.1	M20	14433093	25209510
Euproctis_similis	LR990106.1	M28	0	8303368
Euproctis_similis	LR990106.1	M29	8303368	19654120
Euproctis_similis	LR990107.1	M31	0	5149977
Euproctis_similis	LR990110.1	M19	0	8693380
Euproctis_similis	LR990109.1	M23	0	12492609
Euproctis_similis	LR990103.1	M20	0	9934182
Euproctis_similis	LR990103.1	M17	9934182	19944504
Euproctis_similis	LR990108.1	M18	0	18745095
Euproctis_similis	LR990105.1	M27	0	9929300
Euproctis_similis	LR990104.1	M6	0	17021352
Euproctis_similis	LR990103.1	M30	19944504	29627438
Euproctis_similis	LR990104.1	M24	17021352	28426303
Euproctis_similis	LR990105.1	M16	9929300	26717886
Euproctis_similis	LR990106.1	M26	19654120	26396858
Euproctis_similis	LR990107.1	MZ	5149977	26350309
Euproctis_similis	LR990108.1	M25	18745095	26047333
Euproctis_similis	LR990109.1	M13	12492609	26031934
Euproctis_similis	LR990110.1	M14	8693380	25951257
Eupsilia_transversa	OU611876.1	M20	0	7451822
Eupsilia_transversa	OU611876.1	M17	7451822	17347420
Fabriciana_adippe	FR989982.1	M25	0	7698390
Fabriciana_adippe	FR989983.1	M12	0	19616364
Fabriciana_adippe	FR989984.1	M20	0	8048086
Fabriciana_adippe	FR989982.1	MZ	7698390	30838137
Fabriciana_adippe	FR989983.1	M30	19616364	26051870
Fabriciana_adippe	FR989984.1	M17	8048086	19368586
Furcula_furcula	OU452242.1	M10	0	21132239
Furcula_furcula	OU452242.1	MZ	21132239	46341127
Furcula_furcula	OU452243.1	M20	0	14766489
Furcula_furcula	OU452242.1	M30	46341127	58744975
Furcula_furcula	OU452243.1	M17	14766489	32748042
Glaucopsyche_alexis	FR990061.1	M31	0	7204069
Glaucopsyche_alexis	FR990042.1	MZ	0	26474832
Glaucopsyche_alexis	FR990047.1	M5	0	1891141
Glaucopsyche_alexis	FR990047.1	M25	1891141	9319829
Glaucopsyche_alexis	FR990047.1	M5	9319829	29244968
Glaucopsyche_alexis	FR990043.1	M1	0	25838803
Glaucopsyche_alexis	FR990048.1	M12	0	19289244
Glaucopsyche_alexis	FR990050.1	M20	0	11647504
Glaucopsyche_alexis	FR990044.1	M18	0	21395601
Glaucopsyche_alexis	FR990045.1	M23	0	13524334
Glaucopsyche_alexis	FR990046.1	M26	0	7537422
Glaucopsyche_alexis	FR990046.1	M14	7537422	17413275
Glaucopsyche_alexis	FR990046.1	M26	17413275	19813353
Glaucopsyche_alexis	FR990042.1	M13	26474832	47686528
Glaucopsyche_alexis	FR990043.1	M19	25838803	39172115
Glaucopsyche_alexis	FR990044.1	M30	21395601	33008129
Glaucopsyche_alexis	FR990045.1	M11	13524334	31805839
Glaucopsyche_alexis	FR990046.1	M14	19813353	31458369
Glaucopsyche_alexis	FR990047.1	M25	29244968	31379178
Glaucopsyche_alexis	FR990048.1	M29	19289244	30883955
Glaucopsyche_alexis	FR990050.1	M17	11647504	26969892
Glaucopsyche_alexis	FR990061.1	M28	7204069	22044104
Glyphotaelius_pellucidus	OW386537.1	M9	0	3851895
Glyphotaelius_pellucidus	OW386537.1	M15	3851895	6346852
Glyphotaelius_pellucidus	OW386537.1	M9	6346852	10101259
Glyphotaelius_pellucidus	OW386537.1	M15	10101259	11726607
Glyphotaelius_pellucidus	OW386537.1	M9	11726607	14286666
Glyphotaelius_pellucidus	OW386537.1	M15	14286666	15744975
Glyphotaelius_pellucidus	OW386537.1	M9	15744975	16898336
Glyphotaelius_pellucidus	OW386537.1	M15	16898336	21323351
Glyphotaelius_pellucidus	OW386537.1	M9	21323351	36396902
Glyphotaelius_pellucidus	OW386560.1	M25	0	10336367
Glyphotaelius_pellucidus	OW386537.1	M15	36396902	51239690
Glyphotaelius_pellucidus	OW386560.1	M29	10336367	28001913
Grapholita_molesta	CP053120.1	M20	0	10085970
Grapholita_molesta	CP053120.1	M17	10085970	17544350
Grapholita_molesta	CP053121.1	M5	0	15914746
Grapholita_molesta	CP053123.1	M18	0	15822191
Grapholita_molesta	CP053120.1	MZ	17544350	36920937
Grapholita_molesta	CP053121.1	M13	15914746	29586978
Grapholita_molesta	CP053123.1	M26	15822191	25122915
Griposia_aprilina	OU744286.1	M20	0	11027577
Griposia_aprilina	OU744286.1	M17	11027577	26475288
Gymnoscelis_rufifasciata	OV815304.1	M20	0	7602058
Gymnoscelis_rufifasciata	OV815304.1	M17	7602058	17864929
Habrosyne_pyritoides	OU015588.1	M20	0	6896786
Habrosyne_pyritoides	OU015588.1	M17	6896786	15883472
Hecatera_dysodea	HG995288.1	M17	0	13355981
Hecatera_dysodea	HG995288.1	M20	13355981	23963529
Hedya_salicella	FR990096.1	MZ	0	35312916
Hedya_salicella	FR990096.1	M17	35312916	64890082
Hedya_salicella	FR990096.1	M20	64890082	96498967
Hedya_salicella	FR990098.1	M13	0	18416722
Hedya_salicella	FR990099.1	M29	0	9634318
Hedya_salicella	FR990097.1	M26	0	14936847
Hedya_salicella	FR990097.1	M18	14936847	40293051
Hedya_salicella	FR990096.1	M1	96498967	128845201
Hedya_salicella	FR990097.1	M30	40293051	52607617
Hedya_salicella	FR990098.1	M5	18416722	45122075
Hedya_salicella	FR990099.1	M2	9634318	41547970
Heliconius_sara	SUPER_5	M16	0	13171928
Heliconius_sara	SUPER_9	M3	0	12839110
Heliconius_sara	SUPER_4	M24	0	7261462
Heliconius_sara	SUPER_6	M19	0	9572199
Heliconius_sara	SUPER_1	M26	0	7930525
Heliconius_sara	SUPER_8	M12	0	12425092
Heliconius_sara	SUPER_3	M27	0	7903938
Heliconius_sara	SUPER_11	M17	0	7751910
Heliconius_sara	SUPER_7	M8	0	13278535
Heliconius_sara	SUPER_2	M9	0	12403093
Heliconius_sara	SUPER_10	M25	0	4869034
Heliconius_sara	SUPER_1	M2	7930525	22417933
Heliconius_sara	SUPER_10	M4	4869034	17467772
Heliconius_sara	SUPER_11	M20	7751910	14269946
Heliconius_sara	SUPER_2	M23	12403093	22024009
Heliconius_sara	SUPER_3	M1	7903938	20836895
Heliconius_sara	SUPER_4	M5	7261462	20769313
Heliconius_sara	SUPER_5	M28	13171928	20548300
Heliconius_sara	SUPER_6	M6	9572199	19929090
Heliconius_sara	SUPER_7	M30	13278535	19210460
Heliconius_sara	SUPER_8	M31	12425092	18392304
Heliconius_sara	SUPER_9	M29	12839110	17766578
Helicoverpa_zea	CM040204.1	M20	0	6727186
Helicoverpa_zea	CM040204.1	M17	6727186	15061584
Hemaris_fuciformis	OU015434.1	M20	0	8283174
Hemaris_fuciformis	OU015432.1	M30	0	5971393
Hemaris_fuciformis	OU015441.1	M25	0	6541901
Hemaris_fuciformis	OU015432.1	M9	5971393	24291966
Hemaris_fuciformis	OU015434.1	M17	8283174	18649190
Hemaris_fuciformis	OU015441.1	M24	6541901	17376605
Hesperia_comma	FR990012.1	MZ	0	27224333
Hesperia_comma	FR990017.1	M17	0	12447866
Hesperia_comma	FR990015.1	M14	0	15786414
Hesperia_comma	FR990032.1	M29	0	5999785
Hesperia_comma	FR990012.1	M24	27224333	41004304
Hesperia_comma	FR990015.1	M30	15786414	22078144
Hesperia_comma	FR990017.1	M20	12447866	21927176
Hesperia_comma	FR990032.1	M27	5999785	15667894
Hestina_assimilis	CM041759.1	M14	0	11899526
Hestina_assimilis	CM041741.1	M17	0	10217074
Hestina_assimilis	CM041741.1	M20	10217074	17901309
Hestina_assimilis	CM041759.1	MZ	11899526	31151618
Hipparchia_semele	OW121715.1	M19	0	10238615
Hipparchia_semele	OW121711.1	M20	0	7451378
Hipparchia_semele	OW121719.1	M14	0	9176944
Hipparchia_semele	OW121711.1	M17	7451378	16714608
Hipparchia_semele	OW121715.1	M26	10238615	15948023
Hipparchia_semele	OW121719.1	M29	9176944	14772907
Hydraecia_micacea	OU611779.1	M20	0	8874481
Hydraecia_micacea	OU611779.1	M17	8874481	20822484
Hydriomena_furcata	OU538820.1	M13	0	13047558
Hydriomena_furcata	OU538826.1	M17	0	9190350
Hydriomena_furcata	OU538823.1	M31	0	4374605
Hydriomena_furcata	OU538822.1	M7	0	14555054
Hydriomena_furcata	OU538820.1	M14	13047558	25664163
Hydriomena_furcata	OU538822.1	M29	14555054	20876562
Hydriomena_furcata	OU538823.1	M6	4374605	18997534
Hydriomena_furcata	OU538826.1	M20	9190350	16850229
Hydropsyche_tenuis	VTON01000052.1	M4	0	383423
Hydropsyche_tenuis	VTON01000052.1	M20	383423	1600791
Hydropsyche_tenuis	VTON01000052.1	M29	1600791	2719102
Hydropsyche_tenuis	VTON01000073.1	M18	0	630527
Hydropsyche_tenuis	VTON01000015.1	M12	0	1065204
Hydropsyche_tenuis	VTON01000015.1	M7	1065204	2438070
Hydropsyche_tenuis	VTON01000015.1	M2	2438070	3472764
Hydropsyche_tenuis	VTON01000015.1	M1	3472764	5266758
Hydropsyche_tenuis	VTON01000049.1	M12	0	1100456
Hydropsyche_tenuis	VTON01000001.1	M1	0	702045
Hydropsyche_tenuis	VTON01000001.1	M5	702045	2165087
Hydropsyche_tenuis	VTON01000001.1	M1	2165087	2478166
Hydropsyche_tenuis	VTON01000001.1	M5	2478166	3495877
Hydropsyche_tenuis	VTON01000001.1	M21	3495877	5513030
Hydropsyche_tenuis	VTON01000030.1	M25	0	1012206
Hydropsyche_tenuis	VTON01000036.1	M12	0	853817
Hydropsyche_tenuis	VTON01000023.1	M2	0	1388134
Hydropsyche_tenuis	VTON01000027.1	M14	0	863437
Hydropsyche_tenuis	VTON01000027.1	M13	863437	1632997
Hydropsyche_tenuis	VTON01000016.1	M8	0	1488448
Hydropsyche_tenuis	VTON01000063.1	M12	0	1281483
Hydropsyche_tenuis	VTON01000006.1	M1	0	834107
Hydropsyche_tenuis	VTON01000006.1	M2	834107	1933344
Hydropsyche_tenuis	VTON01000006.1	M1	1933344	3130414
Hydropsyche_tenuis	VTON01000011.1	M2	0	607812
Hydropsyche_tenuis	VTON01000011.1	M20	607812	1956418
Hydropsyche_tenuis	VTON01000024.1	M23	0	582114
Hydropsyche_tenuis	VTON01000005.1	M11	0	1695389
Hydropsyche_tenuis	VTON01000025.1	M17	0	470226
Hydropsyche_tenuis	VTON01000025.1	M13	470226	1749142
Hydropsyche_tenuis	VTON01000022.1	M14	0	1077433
Hydropsyche_tenuis	VTON01000008.1	M4	0	1089455
Hydropsyche_tenuis	VTON01000008.1	M2	1089455	2055297
Hydropsyche_tenuis	VTON01000008.1	M13	2055297	2813571
Hydropsyche_tenuis	VTON01000069.1	M7	0	628012
Hydropsyche_tenuis	VTON01000004.1	M4	0	3534718
Hydropsyche_tenuis	VTON01000004.1	M22	3534718	4991695
Hydropsyche_tenuis	VTON01000004.1	M4	4991695	5604665
Hydropsyche_tenuis	VTON01000037.1	M10	0	900082
Hydropsyche_tenuis	VTON01000037.1	M4	900082	2060328
Hydropsyche_tenuis	VTON01000007.1	M7	0	935686
Hydropsyche_tenuis	VTON01000007.1	M4	935686	1631200
Hydropsyche_tenuis	VTON01000007.1	M7	1631200	2542200
Hydropsyche_tenuis	VTON01000007.1	M10	2542200	3115843
Hydropsyche_tenuis	VTON01000007.1	M22	3115843	4209073
Hydropsyche_tenuis	VTON01000061.1	M6	0	1125691
Hydropsyche_tenuis	VTON01000041.1	M6	0	1683189
Hydropsyche_tenuis	VTON01000014.1	M9	0	844521
Hydropsyche_tenuis	VTON01000014.1	M14	844521	2514401
Hydropsyche_tenuis	VTON01000002.1	M6	0	491107
Hydropsyche_tenuis	VTON01000002.1	M14	491107	2148860
Hydropsyche_tenuis	VTON01000013.1	M18	0	838630
Hydropsyche_tenuis	VTON01000056.1	M3	0	1004447
Hydropsyche_tenuis	VTON01000048.1	M24	0	1603414
Hydropsyche_tenuis	VTON01000009.1	M21	0	1518007
Hydropsyche_tenuis	VTON01000009.1	M3	1518007	3184914
Hydropsyche_tenuis	VTON01000029.1	M1	0	2317442
Hydropsyche_tenuis	VTON01000089.1	M7	0	446580
Hydropsyche_tenuis	VTON01000028.1	M24	0	537482
Hydropsyche_tenuis	VTON01000028.1	M14	537482	1324384
Hydropsyche_tenuis	VTON01000028.1	M9	1324384	2561851
Hydropsyche_tenuis	VTON01000020.1	M6	0	633337
Hydropsyche_tenuis	VTON01000010.1	M20	0	844426
Hydropsyche_tenuis	VTON01000018.1	M1	0	1019614
Hydropsyche_tenuis	VTON01000035.1	M16	0	1237908
Hydropsyche_tenuis	VTON01000035.1	M7	1237908	2833186
Hydropsyche_tenuis	VTON01000033.1	M1	0	848120
Hydropsyche_tenuis	VTON01000017.1	M10	0	827858
Hydropsyche_tenuis	VTON01000012.1	M8	0	1193940
Hydropsyche_tenuis	VTON01000001.1	M1	5513030	6266381
Hydropsyche_tenuis	VTON01000002.1	M6	2148860	3206040
Hydropsyche_tenuis	VTON01000004.1	M7	5604665	8368851
Hydropsyche_tenuis	VTON01000005.1	M22	1695389	2973318
Hydropsyche_tenuis	VTON01000006.1	M5	3130414	4455432
Hydropsyche_tenuis	VTON01000007.1	M1	4209073	5060085
Hydropsyche_tenuis	VTON01000008.1	M2	2813571	3771765
Hydropsyche_tenuis	VTON01000009.1	M6	3184914	3771757
Hydropsyche_tenuis	VTON01000010.1	M9	844426	2547336
Hydropsyche_tenuis	VTON01000011.1	M16	1956418	3015396
Hydropsyche_tenuis	VTON01000012.1	M16	1193940	3785094
Hydropsyche_tenuis	VTON01000013.1	M8	838630	2019668
Hydropsyche_tenuis	VTON01000014.1	M15	2514401	3919541
Hydropsyche_tenuis	VTON01000015.1	M17	5266758	6851539
Hydropsyche_tenuis	VTON01000016.1	M4	1488448	3601618
Hydropsyche_tenuis	VTON01000017.1	M12	827858	2148832
Hydropsyche_tenuis	VTON01000018.1	M16	1019614	2232554
Hydropsyche_tenuis	VTON01000020.1	M2	633337	1685298
Hydropsyche_tenuis	VTON01000022.1	M9	1077433	2603336
Hydropsyche_tenuis	VTON01000023.1	M17	1388134	2190134
Hydropsyche_tenuis	VTON01000024.1	M10	582114	1562394
Hydropsyche_tenuis	VTON01000025.1	M17	1749142	2719805
Hydropsyche_tenuis	VTON01000027.1	M18	1632997	2777147
Hydropsyche_tenuis	VTON01000028.1	M21	2561851	3337761
Hydropsyche_tenuis	VTON01000029.1	M2	2317442	3220891
Hydropsyche_tenuis	VTON01000030.1	M24	1012206	2484840
Hydropsyche_tenuis	VTON01000033.1	M8	848120	1255711
Hydropsyche_tenuis	VTON01000035.1	M10	2833186	3325678
Hydropsyche_tenuis	VTON01000036.1	M1	853817	2724493
Hydropsyche_tenuis	VTON01000037.1	M10	2060328	3100657
Hydropsyche_tenuis	VTON01000041.1	M2	1683189	2539531
Hydropsyche_tenuis	VTON01000048.1	M5	1603414	2835745
Hydropsyche_tenuis	VTON01000049.1	M1	1100456	1584918
Hydropsyche_tenuis	VTON01000052.1	M8	2719102	4730907
Hydropsyche_tenuis	VTON01000056.1	M24	1004447	1923923
Hydropsyche_tenuis	VTON01000061.1	M18	1125691	2059847
Hydropsyche_tenuis	VTON01000063.1	M5	1281483	2140060
Hydropsyche_tenuis	VTON01000069.1	M6	628012	1611297
Hydropsyche_tenuis	VTON01000073.1	M13	630527	1647583
Hydropsyche_tenuis	VTON01000089.1	M15	446580	620383
Hylaea_fasciaria	LR990196.1	M17	0	7395482
Hylaea_fasciaria	LR990196.1	M20	7395482	13462610
Hyles_euphorbiae	CM041043.1	M17	0	12061409
Hyles_euphorbiae	CM041050.1	M30	0	6945158
Hyles_euphorbiae	CM041030.1	M24	0	10127532
Hyles_euphorbiae	CM041030.1	M25	10127532	19904380
Hyles_euphorbiae	CM041043.1	M20	12061409	21768765
Hyles_euphorbiae	CM041050.1	M9	6945158	27093441
Hyles_vespertilio	CM042818.1	M20	0	11778652
Hyles_vespertilio	CM042825.1	M30	0	8868482
Hyles_vespertilio	CM042805.1	M25	0	10158297
Hyles_vespertilio	CM042805.1	M24	10158297	24553817
Hyles_vespertilio	CM042818.1	M17	11778652	26014704
Hyles_vespertilio	CM042825.1	M9	8868482	33800775
Hypena_proboscidalis	LR990128.1	M17	0	13663093
Hypena_proboscidalis	LR990128.1	M20	13663093	25329134
Hypsopygia_costalis	OW443328.1	M20	0	13985389
Hypsopygia_costalis	OW443328.1	M17	13985389	33842721
Idaea_aversata	OU026083.1	M31	0	5247180
Idaea_aversata	OU026084.1	M20	0	8295332
Idaea_aversata	OU026083.1	MZ	5247180	31234832
Idaea_aversata	OU026084.1	M17	8295332	17188102
Inachis_io	LR989897.1	M20	0	6442104
Inachis_io	LR989897.1	M17	6442104	14849406
Iphiclides_podalirius	OW152817.1	M20	0	7775250
Iphiclides_podalirius	OW152835.1	M29	0	6211324
Iphiclides_podalirius	OW152817.1	M17	7775250	17426007
Iphiclides_podalirius	OW152835.1	M25	6211324	12117113
Laothoe_populi	HG992150.1	M17	0	13071737
Laothoe_populi	HG992147.1	M4	0	19872618
Laothoe_populi	HG992146.1	M30	0	7805001
Laothoe_populi	HG992157.1	M25	0	7938987
Laothoe_populi	HG992146.1	M9	7805001	29548384
Laothoe_populi	HG992147.1	M29	19872618	26138537
Laothoe_populi	HG992150.1	M20	13071737	23325374
Laothoe_populi	HG992157.1	M24	7938987	21366582
Lasiommata_megera	OV743314.1	M19	0	13144965
Lasiommata_megera	OV743311.1	M17	0	10868716
Lasiommata_megera	OV743319.1	M29	0	5296192
Lasiommata_megera	OV743311.1	M20	10868716	19703586
Lasiommata_megera	OV743314.1	M26	13144965	19394976
Lasiommata_megera	OV743319.1	M14	5296192	17836388
Laspeyria_flexula	LR989954.1	M17	0	9546313
Laspeyria_flexula	LR989954.1	M20	9546313	17827705
Leguminivora_glycinivorella	CM041148.1	M20	0	14386928
Leguminivora_glycinivorella	CM041148.1	M17	14386928	25915396
Leguminivora_glycinivorella	CM041121.1	M13	0	16627820
Leguminivora_glycinivorella	CM041122.1	M18	0	22290598
Leguminivora_glycinivorella	CM041121.1	M5	16627820	38502580
Leguminivora_glycinivorella	CM041122.1	M26	22290598	34640967
Leguminivora_glycinivorella	CM041148.1	MZ	25915396	55408830
Leptidea_sinapis	FR990186.1	M29	0	7176497
Leptidea_sinapis	FR990153.1	MZ	0	25536089
Leptidea_sinapis	FR990159.1	M11	0	6448132
Leptidea_sinapis	FR990159.1	M4	6448132	7678595
Leptidea_sinapis	FR990159.1	M3	7678595	9086447
Leptidea_sinapis	FR990167.1	M21	0	5102962
Leptidea_sinapis	FR990167.1	M26	5102962	9075350
Leptidea_sinapis	FR990166.1	M15	0	2700260
Leptidea_sinapis	FR990166.1	M14	2700260	4316315
Leptidea_sinapis	FR990166.1	M22	4316315	7313925
Leptidea_sinapis	FR990166.1	M3	7313925	9321317
Leptidea_sinapis	FR990166.1	M11	9321317	10945474
Leptidea_sinapis	FR990177.1	M5	0	9829788
Leptidea_sinapis	FR990178.1	M16	0	4889460
Leptidea_sinapis	FR990197.1	M24	0	5757270
Leptidea_sinapis	FR990156.1	M17	0	7661492
Leptidea_sinapis	FR990156.1	M6	7661492	13930626
Leptidea_sinapis	FR990165.1	M22	0	2907700
Leptidea_sinapis	FR990165.1	M12	2907700	12286073
Leptidea_sinapis	FR990170.1	M3	0	1679367
Leptidea_sinapis	FR990173.1	M11	0	2952400
Leptidea_sinapis	FR990173.1	M4	2952400	6768408
Leptidea_sinapis	FR990180.1	M6	0	6980193
Leptidea_sinapis	FR990155.1	M27	0	6803972
Leptidea_sinapis	FR990155.1	M13	6803972	16505309
Leptidea_sinapis	FR990160.1	M5	0	9730596
Leptidea_sinapis	FR990154.1	M12	0	4234039
Leptidea_sinapis	FR990154.1	M4	4234039	7857932
Leptidea_sinapis	FR990154.1	M14	7857932	13199467
Leptidea_sinapis	FR990154.1	M4	13199467	17344730
Leptidea_sinapis	FR990154.1	M9	17344730	27163494
Leptidea_sinapis	FR990181.1	M22	0	2814476
Leptidea_sinapis	FR990187.1	M3	0	5180670
Leptidea_sinapis	FR990174.1	M3	0	2220117
Leptidea_sinapis	FR990174.1	M13	2220117	3491716
Leptidea_sinapis	FR990161.1	M18	0	10129504
Leptidea_sinapis	FR990191.1	M8	0	4244605
Leptidea_sinapis	FR990195.1	M12	0	3002574
Leptidea_sinapis	FR990195.1	M2	3002574	7301649
Leptidea_sinapis	FR990196.1	M9	0	2218919
Leptidea_sinapis	FR990175.1	M19	0	3286429
Leptidea_sinapis	FR990176.1	M25	0	5931345
Leptidea_sinapis	FR990162.1	M17	0	2800442
Leptidea_sinapis	FR990162.1	M15	2800442	9045002
Leptidea_sinapis	FR990162.1	M6	9045002	10223732
Leptidea_sinapis	FR990179.1	M24	0	5870934
Leptidea_sinapis	FR990179.1	M11	5870934	10249465
Leptidea_sinapis	FR990157.1	M28	0	5216046
Leptidea_sinapis	FR990157.1	M24	5216046	8007665
Leptidea_sinapis	FR990184.1	M14	0	6019723
Leptidea_sinapis	FR990164.1	M21	0	6082579
Leptidea_sinapis	FR990164.1	M18	6082579	11629979
Leptidea_sinapis	FR990164.1	M3	11629979	14632971
Leptidea_sinapis	FR990158.1	M20	0	5496144
Leptidea_sinapis	FR990158.1	M21	5496144	10265459
Leptidea_sinapis	FR990163.1	M3	0	2643201
Leptidea_sinapis	FR990163.1	M4	2643201	7215985
Leptidea_sinapis	FR990185.1	M18	0	4375734
Leptidea_sinapis	FR990185.1	M16	4375734	10202056
Leptidea_sinapis	FR990183.1	M15	0	7305508
Leptidea_sinapis	FR990194.1	M6	0	789587
Leptidea_sinapis	FR990194.1	M4	789587	6078539
Leptidea_sinapis	FR990171.1	M7	0	9501882
Leptidea_sinapis	FR990192.1	M27	0	5995505
Leptidea_sinapis	FR990193.1	M26	0	3957229
Leptidea_sinapis	FR990189.1	M22	0	3581414
Leptidea_sinapis	FR990172.1	M19	0	6574896
Leptidea_sinapis	FR990172.1	M8	6574896	8936585
Leptidea_sinapis	FR990168.1	M26	0	2683292
Leptidea_sinapis	FR990168.1	M9	2683292	9235467
Leptidea_sinapis	FR990198.1	M15	0	4711385
Leptidea_sinapis	FR990198.1	M9	4711385	5739912
Leptidea_sinapis	FR990169.1	M22	0	6491263
Leptidea_sinapis	FR990169.1	M5	6491263	12087482
Leptidea_sinapis	FR990153.1	M7	25536089	36552532
Leptidea_sinapis	FR990154.1	M3	27163494	34332082
Leptidea_sinapis	FR990155.1	M31	16505309	28774503
Leptidea_sinapis	FR990156.1	M24	13930626	18682693
Leptidea_sinapis	FR990157.1	M1	8007665	17197042
Leptidea_sinapis	FR990158.1	M29	10265459	16733303
Leptidea_sinapis	FR990159.1	M12	9086447	16616829
Leptidea_sinapis	FR990160.1	M15	9730596	16178663
Leptidea_sinapis	FR990161.1	M20	10129504	15952706
Leptidea_sinapis	FR990162.1	M11	10223732	15829655
Leptidea_sinapis	FR990163.1	M2	7215985	15808016
Leptidea_sinapis	FR990164.1	M7	14632971	15484527
Leptidea_sinapis	FR990165.1	M1	12286073	15364411
Leptidea_sinapis	FR990166.1	M19	10945474	15137125
Leptidea_sinapis	FR990167.1	M5	9075350	14854661
Leptidea_sinapis	FR990168.1	M25	9235467	14698685
Leptidea_sinapis	FR990169.1	M2	12087482	14652858
Leptidea_sinapis	FR990170.1	M1	1679367	14562954
Leptidea_sinapis	FR990171.1	M2	9501882	14447461
Leptidea_sinapis	FR990172.1	M14	8936585	14266499
Leptidea_sinapis	FR990173.1	M28	6768408	14099670
Leptidea_sinapis	FR990174.1	M8	3491716	14011732
Leptidea_sinapis	FR990175.1	M23	3286429	13724482
Leptidea_sinapis	FR990176.1	M17	5931345	13660086
Leptidea_sinapis	FR990177.1	M20	9829788	13606782
Leptidea_sinapis	FR990178.1	M10	4889460	13280060
Leptidea_sinapis	FR990179.1	M4	10249465	13266506
Leptidea_sinapis	FR990180.1	M1	6980193	13208167
Leptidea_sinapis	FR990181.1	M9	2814476	12898090
Leptidea_sinapis	FR990183.1	M8	7305508	12624251
Leptidea_sinapis	FR990184.1	M21	6019723	12413263
Leptidea_sinapis	FR990185.1	M21	10202056	12010194
Leptidea_sinapis	FR990186.1	M8	7176497	11721221
Leptidea_sinapis	FR990187.1	M16	5180670	11695783
Leptidea_sinapis	FR990189.1	M13	3581414	10558824
Leptidea_sinapis	FR990191.1	M6	4244605	9734796
Leptidea_sinapis	FR990192.1	M18	5995505	9639948
Leptidea_sinapis	FR990193.1	M2	3957229	9623130
Leptidea_sinapis	FR990194.1	M3	6078539	9595617
Leptidea_sinapis	FR990195.1	M10	7301649	9389464
Leptidea_sinapis	FR990196.1	M8	2218919	9178371
Leptidea_sinapis	FR990197.1	M2	5757270	9056786
Leptidea_sinapis	FR990198.1	M6	5739912	8964768
Limenitis_camilla	LR990231.1	M19	0	9434777
Limenitis_camilla	LR990233.1	M17	0	8712462
Limenitis_camilla	LR990231.1	M28	9434777	16010774
Limenitis_camilla	LR990233.1	M20	8712462	15855308
Limnephilus_lunatus	OU830594.1	M5	0	62526608
Limnephilus_lunatus	OU830594.1	M26	62526608	97046926
Limnephilus_lunatus	OU830598.1	M4	0	45106321
Limnephilus_lunatus	OU830603.1	M31	0	37191724
Limnephilus_lunatus	OU830593.1	M17	0	33743904
Limnephilus_lunatus	OU830593.1	M10	33743904	75365429
Limnephilus_lunatus	OU830596.1	M25	0	6298710
Limnephilus_lunatus	OU830596.1	M29	6298710	20053214
Limnephilus_lunatus	OU830596.1	M25	20053214	26960629
Limnephilus_lunatus	OU830596.1	M29	26960629	33677673
Limnephilus_lunatus	OU830596.1	M20	33677673	63853716
Limnephilus_lunatus	OU830592.1	M8	0	51834262
Limnephilus_lunatus	OU830592.1	M12	51834262	104745130
Limnephilus_lunatus	OU830595.1	M30	0	30736734
Limnephilus_lunatus	OU830595.1	M24	30736734	56032455
Limnephilus_lunatus	OU830601.1	M18	0	45051221
Limnephilus_lunatus	OU830597.1	M23	0	36104885
Limnephilus_lunatus	OU830597.1	M15	36104885	52308614
Limnephilus_lunatus	OU830597.1	M9	52308614	62341676
Limnephilus_lunatus	OU830597.1	M15	62341676	66229441
Limnephilus_lunatus	OU830597.1	M9	66229441	68164711
Limnephilus_lunatus	OU830597.1	M15	68164711	72322755
Limnephilus_lunatus	OU830597.1	M9	72322755	74864177
Limnephilus_lunatus	OU830597.1	M15	74864177	78326019
Limnephilus_lunatus	OU830597.1	M9	78326019	81119107
Limnephilus_lunatus	OU830597.1	M15	81119107	83102747
Limnephilus_lunatus	OU830599.1	M6	0	42112768
Limnephilus_lunatus	OU830602.1	M11	0	41598755
Limnephilus_lunatus	OU830600.1	M14	0	30274487
Limnephilus_lunatus	OU830592.1	M27	104745130	131514635
Limnephilus_lunatus	OU830593.1	M16	75365429	118188895
Limnephilus_lunatus	OU830594.1	M28	97046926	114751058
Limnephilus_lunatus	OU830595.1	M1	56032455	112840161
Limnephilus_lunatus	OU830596.1	M13	63853716	104678855
Limnephilus_lunatus	OU830597.1	M9	83102747	95392806
Limnephilus_lunatus	OU830598.1	M3	45106321	94566515
Limnephilus_lunatus	OU830599.1	M7	42112768	90414399
Limnephilus_lunatus	OU830600.1	M2	30274487	87632201
Limnephilus_lunatus	OU830601.1	M22	45051221	87370151
Limnephilus_lunatus	OU830602.1	M21	41598755	84799591
Limnephilus_lunatus	OU830603.1	M19	37191724	68714448
Limnephilus_marmoratus	OU862908.1	M9	0	6040406
Limnephilus_marmoratus	OU862908.1	M15	6040406	9368875
Limnephilus_marmoratus	OU862908.1	M9	9368875	20363355
Limnephilus_marmoratus	OU862908.1	M15	20363355	22513904
Limnephilus_marmoratus	OU862908.1	M9	22513904	29353561
Limnephilus_marmoratus	OU862908.1	M15	29353561	32137465
Limnephilus_marmoratus	OU862908.1	M9	32137465	37358598
Limnephilus_marmoratus	OU862908.1	M15	37358598	40543920
Limnephilus_marmoratus	OU862908.1	M9	40543920	51294443
Limnephilus_marmoratus	OU862915.1	M26	0	44650197
Limnephilus_marmoratus	OU862932.1	M25	0	6829438
Limnephilus_marmoratus	OU862932.1	M29	6829438	17638867
Limnephilus_marmoratus	OU862932.1	M25	17638867	26165437
Limnephilus_marmoratus	OU862908.1	M15	51294443	69903625
Limnephilus_marmoratus	OU862915.1	M7	44650197	59002302
Limnephilus_marmoratus	OU862932.1	M29	26165437	41060937
Limnephilus_rhombicus	OV815270.1	M15	0	19486904
Limnephilus_rhombicus	OV815270.1	M9	19486904	29827529
Limnephilus_rhombicus	OV815270.1	M15	29827529	33301974
Limnephilus_rhombicus	OV815270.1	M9	33301974	38272014
Limnephilus_rhombicus	OV815270.1	M15	38272014	42685333
Limnephilus_rhombicus	OV815270.1	M9	42685333	48161928
Limnephilus_rhombicus	OV815270.1	M15	48161928	50430917
Limnephilus_rhombicus	OV815270.1	M9	50430917	69724012
Limnephilus_rhombicus	OV815296.1	M25	0	12146366
Limnephilus_rhombicus	OV815296.1	M29	12146366	19200126
Limnephilus_rhombicus	OV815270.1	M15	69724012	71902073
Limnephilus_rhombicus	OV815296.1	M25	19200126	41972859
Lobophora_halterata	OW052004.1	M20	0	5587485
Lobophora_halterata	OW052004.1	M17	5587485	12701120
Luperina_testacea	OV656757.1	M17	0	13270077
Luperina_testacea	OV656757.1	M20	13270077	23717939
Lycaena_phlaeas	HG995183.1	M31	0	3476127
Lycaena_phlaeas	HG995166.1	M25	0	5359734
Lycaena_phlaeas	HG995163.1	M19	0	9870393
Lycaena_phlaeas	HG995167.1	M12	0	17643252
Lycaena_phlaeas	HG995170.1	M20	0	8368813
Lycaena_phlaeas	HG995164.1	M18	0	15834181
Lycaena_phlaeas	HG995165.1	M11	0	13040518
Lycaena_phlaeas	HG995169.1	M14	0	9607168
Lycaena_phlaeas	HG995163.1	M1	9870393	26507414
Lycaena_phlaeas	HG995164.1	M30	15834181	23175137
Lycaena_phlaeas	HG995165.1	M23	13040518	23027311
Lycaena_phlaeas	HG995166.1	M5	5359734	21478936
Lycaena_phlaeas	HG995167.1	M29	17643252	21464198
Lycaena_phlaeas	HG995169.1	M26	9607168	19663286
Lycaena_phlaeas	HG995170.1	M17	8368813	19030947
Lycaena_phlaeas	HG995183.1	M28	3476127	13920109
Lymantria_monacha	LR991081.1	M24	0	20544493
Lymantria_monacha	LR991082.1	M17	0	22462249
Lymantria_monacha	LR991095.1	M27	0	19285548
Lymantria_monacha	LR991104.1	M30	0	12289163
Lymantria_monacha	LR991081.1	MZ	20544493	62811790
Lymantria_monacha	LR991082.1	M20	22462249	39553289
Lymantria_monacha	LR991095.1	M25	19285548	32641773
Lymantria_monacha	LR991104.1	M29	12289163	24894941
Lysandra_bellargus	HG995320.1	M28	0	9316059
Lysandra_bellargus	HG995325.1	M5	0	11727932
Lysandra_bellargus	HG995326.1	M5	0	1508788
Lysandra_bellargus	HG995326.1	M25	1508788	7526029
Lysandra_bellargus	HG995339.1	M12	0	3314383
Lysandra_bellargus	HG995337.1	M26	0	2557189
Lysandra_bellargus	HG995342.1	M18	0	2585151
Lysandra_bellargus	HG995333.1	M17	0	1214999
Lysandra_bellargus	HG995327.1	M14	0	2483775
Lysandra_bellargus	HG995320.1	M31	9316059	18029887
Lysandra_bellargus	HG995325.1	M25	11727932	13289862
Lysandra_bellargus	HG995326.1	M5	7526029	13028540
Lysandra_bellargus	HG995327.1	M26	2483775	12892625
Lysandra_bellargus	HG995333.1	M20	1214999	12138979
Lysandra_bellargus	HG995337.1	M14	2557189	11205580
Lysandra_bellargus	HG995339.1	M29	3314383	11086604
Lysandra_bellargus	HG995342.1	M30	2585151	10760480
Lysandra_coridon	HG992055.1	M16	0	4906507
Lysandra_coridon	HG992064.1	M25	0	5922067
Lysandra_coridon	HG992084.1	M14	0	3179189
Lysandra_coridon	HG992071.1	M30	0	4092597
Lysandra_coridon	HG992094.1	M20	0	4704774
Lysandra_coridon	HG992055.1	MZ	4906507	34005801
Lysandra_coridon	HG992064.1	M5	5922067	7220751
Lysandra_coridon	HG992071.1	M18	4092597	6600399
Lysandra_coridon	HG992084.1	M26	3179189	6064254
Lysandra_coridon	HG992094.1	M17	4704774	5856216
Macaria_notata	OV656746.1	M17	0	10611266
Macaria_notata	OV656725.1	M30	0	6149573
Macaria_notata	OV656726.1	M31	0	4671977
Macaria_notata	OV656742.1	M26	0	8458848
Macaria_notata	OV656725.1	M7	6149573	19257952
Macaria_notata	OV656726.1	M21	4671977	18041227
Macaria_notata	OV656742.1	M29	8458848	13065403
Macaria_notata	OV656746.1	M20	10611266	11751275
Mamestra_brassicae	LR990990.1	M20	0	8926522
Mamestra_brassicae	LR990990.1	M17	8926522	21528471
Manduca_sexta	CM026259.1	M20	0	7299102
Manduca_sexta	CM026259.1	M17	7299102	16187813
Manduca_sexta	CM026257.1	M30	0	5477232
Manduca_sexta	CM026249.1	M24	0	8501760
Manduca_sexta	CM026249.1	M25	8501760	15623919
Manduca_sexta	CM026257.1	M9	5477232	20265868
Manduca_sexta	CM026259.1	M29	16187813	20508497
Maniola_jurtina	HG995212.1	M26	0	8502693
Maniola_jurtina	HG995211.1	M17	0	9139564
Maniola_jurtina	HG995220.1	M14	0	9150833
Maniola_jurtina	HG995211.1	M20	9139564	16671097
Maniola_jurtina	HG995212.1	M19	8502693	16232520
Maniola_jurtina	HG995220.1	M29	9150833	14833470
Marasmarcha_lunaedactyla	OV281339.1	MZ	0	23518493
Marasmarcha_lunaedactyla	OV281339.1	M22	23518493	38555455
Marasmarcha_lunaedactyla	OV281339.1	MZ	38555455	42975516
Marasmarcha_lunaedactyla	OV281342.1	M20	0	7358739
Marasmarcha_lunaedactyla	OV281342.1	M17	7358739	10285901
Marasmarcha_lunaedactyla	OV281342.1	M20	10285901	11893311
Marasmarcha_lunaedactyla	OV281342.1	M17	11893311	23031486
Marasmarcha_lunaedactyla	OV281339.1	M22	42975516	47084863
Marasmarcha_lunaedactyla	OV281342.1	M20	23031486	31403134
Marasmia_exigua	CM032464.1	M17	0	5299966
Marasmia_exigua	CM032464.1	M20	5299966	18014852
Marasmia_exigua	CM032464.1	M17	18014852	29649819
Meganola_albula	OW388142.1	M31	0	4941047
Meganola_albula	OW388145.1	M17	0	9348645
Meganola_albula	OW388142.1	MZ	4941047	25687960
Meganola_albula	OW388145.1	M20	9348645	16482612
Melanargia_galathea	OV049858.1	M13	0	17316108
Melanargia_galathea	OV049861.1	M26	0	13759882
Melanargia_galathea	OV049855.1	M12	0	24663656
Melanargia_galathea	OV049863.1	M20	0	11358420
Melanargia_galathea	OV049856.1	M27	0	12152151
Melanargia_galathea	OV049857.1	M31	0	9046079
Melanargia_galathea	OV049857.1	M14	9046079	24771394
Melanargia_galathea	OV049868.1	M24	0	12915658
Melanargia_galathea	OV049855.1	M10	24663656	42613449
Melanargia_galathea	OV049856.1	M7	12152151	34186354
Melanargia_galathea	OV049857.1	M29	24771394	33664734
Melanargia_galathea	OV049858.1	M28	17316108	30963007
Melanargia_galathea	OV049861.1	M19	13759882	26486638
Melanargia_galathea	OV049863.1	M17	11358420	25864477
Melanargia_galathea	OV049868.1	M25	12915658	22815479
Melinaea_marsaeus_rileyi	OU911082.1	M11	0	4253237
Melinaea_marsaeus_rileyi	OU911082.1	M2	4253237	10259814
Melinaea_marsaeus_rileyi	OU911082.1	M3	10259814	11764696
Melinaea_marsaeus_rileyi	OU911082.1	M19	11764696	18224316
Melinaea_marsaeus_rileyi	OU911082.1	M2	18224316	22503940
Melinaea_marsaeus_rileyi	OU911082.1	M28	22503940	25048472
Melinaea_marsaeus_rileyi	OU911082.1	M23	25048472	27371912
Melinaea_marsaeus_rileyi	OU911082.1	M21	27371912	30333738
Melinaea_marsaeus_rileyi	OU911082.1	M29	30333738	34976470
Melinaea_marsaeus_rileyi	OU911082.1	M15	34976470	37097434
Melinaea_marsaeus_rileyi	OU911082.1	M2	37097434	40050804
Melinaea_marsaeus_rileyi	OU911095.1	M7	0	8522004
Melinaea_marsaeus_rileyi	OU911091.1	M31	0	6128417
Melinaea_marsaeus_rileyi	OU911091.1	M24	6128417	12959540
Melinaea_marsaeus_rileyi	OU911091.1	M9	12959540	13610721
Melinaea_marsaeus_rileyi	OU911091.1	M22	13610721	21657896
Melinaea_marsaeus_rileyi	OU911083.1	M1	0	2739277
Melinaea_marsaeus_rileyi	OU911083.1	M3	2739277	8829393
Melinaea_marsaeus_rileyi	OU911083.1	M9	8829393	12476473
Melinaea_marsaeus_rileyi	OU911083.1	M21	12476473	15097199
Melinaea_marsaeus_rileyi	OU911083.1	M4	15097199	18636210
Melinaea_marsaeus_rileyi	OU911083.1	M16	18636210	21234064
Melinaea_marsaeus_rileyi	OU911083.1	M3	21234064	25896998
Melinaea_marsaeus_rileyi	OU911083.1	M16	25896998	26685924
Melinaea_marsaeus_rileyi	OU911083.1	M11	26685924	32451766
Melinaea_marsaeus_rileyi	OU911083.1	M8	32451766	37858655
Melinaea_marsaeus_rileyi	OU911083.1	M10	37858655	40259716
Melinaea_marsaeus_rileyi	OU911083.1	M12	40259716	42189346
Melinaea_marsaeus_rileyi	OU911084.1	M2	0	4667150
Melinaea_marsaeus_rileyi	OU911084.1	M13	4667150	7265707
Melinaea_marsaeus_rileyi	OU911084.1	M14	7265707	12395165
Melinaea_marsaeus_rileyi	OU911084.1	M20	12395165	12938196
Melinaea_marsaeus_rileyi	OU911084.1	M1	12938196	15982372
Melinaea_marsaeus_rileyi	OU911084.1	M15	15982372	23316522
Melinaea_marsaeus_rileyi	OU911084.1	M16	23316522	33130221
Melinaea_marsaeus_rileyi	OU911084.1	M10	33130221	38505783
Melinaea_marsaeus_rileyi	OU911086.1	M5	0	9952691
Melinaea_marsaeus_rileyi	OU911086.1	M17	9952691	20409749
Melinaea_marsaeus_rileyi	OU911086.1	M11	20409749	27410119
Melinaea_marsaeus_rileyi	OU911086.1	M12	27410119	34705160
Melinaea_marsaeus_rileyi	OU911086.1	M4	34705160	35846553
Melinaea_marsaeus_rileyi	OU911088.1	M23	0	5800015
Melinaea_marsaeus_rileyi	OU911088.1	M19	5800015	9323869
Melinaea_marsaeus_rileyi	OU911088.1	M8	9323869	11196320
Melinaea_marsaeus_rileyi	OU911088.1	M4	11196320	16761887
Melinaea_marsaeus_rileyi	OU911088.1	M29	16761887	18090903
Melinaea_marsaeus_rileyi	OU911088.1	M9	18090903	22777804
Melinaea_marsaeus_rileyi	OU911088.1	M1	22777804	25911444
Melinaea_marsaeus_rileyi	OU911088.1	M9	25911444	30181889
Melinaea_marsaeus_rileyi	OU911088.1	M17	30181889	31340202
Melinaea_marsaeus_rileyi	OU911088.1	M18	31340202	36206146
Melinaea_marsaeus_rileyi	OU911089.1	M7	0	6857785
Melinaea_marsaeus_rileyi	OU911089.1	M24	6857785	14590305
Melinaea_marsaeus_rileyi	OU911089.1	M22	14590305	18254229
Melinaea_marsaeus_rileyi	OU911089.1	M1	18254229	28475798
Melinaea_marsaeus_rileyi	OU911089.1	M26	28475798	33503842
Melinaea_marsaeus_rileyi	OU911087.1	M7	0	1565274
Melinaea_marsaeus_rileyi	OU911087.1	M8	1565274	12376909
Melinaea_marsaeus_rileyi	OU911087.1	M13	12376909	14579824
Melinaea_marsaeus_rileyi	OU911087.1	M21	14579824	17340553
Melinaea_marsaeus_rileyi	OU911087.1	M5	17340553	19549199
Melinaea_marsaeus_rileyi	OU911087.1	M16	19549199	24255584
Melinaea_marsaeus_rileyi	OU911087.1	M13	24255584	32381914
Melinaea_marsaeus_rileyi	OU911090.1	M14	0	9990401
Melinaea_marsaeus_rileyi	OU911090.1	M5	9990401	16045008
Melinaea_marsaeus_rileyi	OU911090.1	M27	16045008	23039740
Melinaea_marsaeus_rileyi	OU911090.1	M17	23039740	27148492
Melinaea_marsaeus_rileyi	OU911085.1	M18	0	7435883
Melinaea_marsaeus_rileyi	OU911085.1	M17	7435883	8340541
Melinaea_marsaeus_rileyi	OU911085.1	M22	8340541	15484094
Melinaea_marsaeus_rileyi	OU911085.1	M12	15484094	17536651
Melinaea_marsaeus_rileyi	OU911085.1	M18	17536651	21305593
Melinaea_marsaeus_rileyi	OU911085.1	M6	21305593	30442284
Melinaea_marsaeus_rileyi	OU911085.1	M11	30442284	36883165
Melinaea_marsaeus_rileyi	OU911092.1	M3	0	3721773
Melinaea_marsaeus_rileyi	OU911092.1	M4	3721773	6349599
Melinaea_marsaeus_rileyi	OU911092.1	M10	6349599	7152519
Melinaea_marsaeus_rileyi	OU911092.1	M14	7152519	17630934
Melinaea_marsaeus_rileyi	OU911092.1	M27	17630934	23394766
Melinaea_marsaeus_rileyi	OU911093.1	M21	0	9920884
Melinaea_marsaeus_rileyi	OU911093.1	M14	9920884	14319676
Melinaea_marsaeus_rileyi	OU911093.1	M18	14319676	16131457
Melinaea_marsaeus_rileyi	OU911082.1	M6	40050804	46264634
Melinaea_marsaeus_rileyi	OU911083.1	M30	42189346	46068919
Melinaea_marsaeus_rileyi	OU911084.1	M20	38505783	44866269
Melinaea_marsaeus_rileyi	OU911085.1	M10	36883165	40484600
Melinaea_marsaeus_rileyi	OU911086.1	M15	35846553	40461556
Melinaea_marsaeus_rileyi	OU911087.1	M9	32381914	40333000
Melinaea_marsaeus_rileyi	OU911088.1	M28	36206146	39963417
Melinaea_marsaeus_rileyi	OU911089.1	M23	33503842	39362924
Melinaea_marsaeus_rileyi	OU911090.1	M12	27148492	34574251
Melinaea_marsaeus_rileyi	OU911091.1	M5	21657896	31154291
Melinaea_marsaeus_rileyi	OU911092.1	M25	23394766	27267114
Melinaea_marsaeus_rileyi	OU911093.1	M6	16131457	25946728
Melinaea_marsaeus_rileyi	OU911095.1	MZ	8522004	19709001
Melinaea_menophilus	OU911049.1	M28	0	2344141
Melinaea_menophilus	OU911049.1	M23	2344141	4444694
Melinaea_menophilus	OU911049.1	M21	4444694	8370789
Melinaea_menophilus	OU911049.1	M15	8370789	14603417
Melinaea_menophilus	OU911049.1	M2	14603417	18677754
Melinaea_menophilus	OU911050.1	M7	0	8288598
Melinaea_menophilus	OU911046.1	M11	0	4432117
Melinaea_menophilus	OU911046.1	M2	4432117	11847383
Melinaea_menophilus	OU911046.1	M3	11847383	13322043
Melinaea_menophilus	OU911039.1	M12	0	8699048
Melinaea_menophilus	OU911039.1	M17	8699048	11232677
Melinaea_menophilus	OU911039.1	M22	11232677	25884799
Melinaea_menophilus	OU911047.1	M6	0	3774148
Melinaea_menophilus	OU911047.1	M22	3774148	8414924
Melinaea_menophilus	OU911047.1	M5	8414924	10222703
Melinaea_menophilus	OU911041.1	M30	0	3656723
Melinaea_menophilus	OU911041.1	M12	3656723	5219660
Melinaea_menophilus	OU911041.1	M10	5219660	8558654
Melinaea_menophilus	OU911041.1	M8	8558654	13764432
Melinaea_menophilus	OU911041.1	M18	13764432	18277253
Melinaea_menophilus	OU911041.1	M6	18277253	23127671
Melinaea_menophilus	OU911041.1	M11	23127671	28512916
Melinaea_menophilus	OU911052.1	M16	0	8566803
Melinaea_menophilus	OU911052.1	M10	8566803	13377361
Melinaea_menophilus	OU911045.1	M17	0	2977321
Melinaea_menophilus	OU911045.1	M11	2977321	10077929
Melinaea_menophilus	OU911045.1	M12	10077929	17324436
Melinaea_menophilus	OU911045.1	M4	17324436	20209725
Melinaea_menophilus	OU911042.1	M1	0	2511260
Melinaea_menophilus	OU911042.1	M3	2511260	8683918
Melinaea_menophilus	OU911042.1	M9	8683918	12350817
Melinaea_menophilus	OU911042.1	M21	12350817	14817454
Melinaea_menophilus	OU911042.1	M4	14817454	18628118
Melinaea_menophilus	OU911042.1	M16	18628118	21066605
Melinaea_menophilus	OU911042.1	M3	21066605	25664470
Melinaea_menophilus	OU911042.1	M16	25664470	26432900
Melinaea_menophilus	OU911038.1	M23	0	6190434
Melinaea_menophilus	OU911038.1	M19	6190434	9897395
Melinaea_menophilus	OU911038.1	M8	9897395	11865979
Melinaea_menophilus	OU911038.1	M4	11865979	18102918
Melinaea_menophilus	OU911038.1	M29	18102918	19488868
Melinaea_menophilus	OU911038.1	M9	19488868	23994727
Melinaea_menophilus	OU911038.1	M1	23994727	26834332
Melinaea_menophilus	OU911038.1	M9	26834332	31125619
Melinaea_menophilus	OU911038.1	M17	31125619	32450210
Melinaea_menophilus	OU911038.1	M18	32450210	37510230
Melinaea_menophilus	OU911048.1	M23	0	5997488
Melinaea_menophilus	OU911048.1	M26	5997488	10270896
Melinaea_menophilus	OU911057.1	M9	0	6233659
Melinaea_menophilus	OU911057.1	M13	6233659	15853017
Melinaea_menophilus	OU911040.1	M12	0	7021822
Melinaea_menophilus	OU911040.1	M22	7021822	11441726
Melinaea_menophilus	OU911040.1	M17	11441726	12549078
Melinaea_menophilus	OU911040.1	M18	12549078	15804143
Melinaea_menophilus	OU911040.1	M5	15804143	24690246
Melinaea_menophilus	OU911054.1	M5	0	8588923
Melinaea_menophilus	OU911054.1	M20	8588923	15903932
Melinaea_menophilus	OU911056.1	M3	0	1166526
Melinaea_menophilus	OU911056.1	M5	1166526	5478663
Melinaea_menophilus	OU911056.1	M24	5478663	7098984
Melinaea_menophilus	OU911055.1	M7	0	1858655
Melinaea_menophilus	OU911055.1	M8	1858655	10720594
Melinaea_menophilus	OU911055.1	M13	10720594	12878595
Melinaea_menophilus	OU911055.1	M21	12878595	15207589
Melinaea_menophilus	OU911058.1	M6	0	10685519
Melinaea_menophilus	OU911058.1	M18	10685519	14527286
Melinaea_menophilus	OU911043.1	M25	0	3847828
Melinaea_menophilus	OU911043.1	M27	3847828	8846644
Melinaea_menophilus	OU911043.1	M14	8846644	11230797
Melinaea_menophilus	OU911043.1	M10	11230797	19545831
Melinaea_menophilus	OU911043.1	M4	19545831	22629817
Melinaea_menophilus	OU911051.1	M14	0	3035515
Melinaea_menophilus	OU911051.1	M2	3035515	7601277
Melinaea_menophilus	OU911051.1	M13	7601277	11162514
Melinaea_menophilus	OU911051.1	M14	11162514	13557509
Melinaea_menophilus	OU911051.1	M20	13557509	15347284
Melinaea_menophilus	OU911044.1	M7	0	14098129
Melinaea_menophilus	OU911053.1	M31	0	6351349
Melinaea_menophilus	OU911053.1	M24	6351349	12937266
Melinaea_menophilus	OU911053.1	M9	12937266	13558837
Melinaea_menophilus	OU911053.1	M16	13558837	17338155
Melinaea_menophilus	OU911038.1	M28	37510230	41164108
Melinaea_menophilus	OU911039.1	M5	25884799	35124180
Melinaea_menophilus	OU911040.1	M14	24690246	34555336
Melinaea_menophilus	OU911041.1	M10	28512916	34424040
Melinaea_menophilus	OU911042.1	M11	26432900	31684843
Melinaea_menophilus	OU911043.1	M3	22629817	24908900
Melinaea_menophilus	OU911044.1	M15	14098129	23484948
Melinaea_menophilus	OU911045.1	M15	20209725	23164123
Melinaea_menophilus	OU911046.1	M19	13322043	22311337
Melinaea_menophilus	OU911047.1	M21	10222703	20762842
Melinaea_menophilus	OU911048.1	M1	10270896	19856281
Melinaea_menophilus	OU911049.1	M6	18677754	19822368
Melinaea_menophilus	OU911050.1	MZ	8288598	19439267
Melinaea_menophilus	OU911051.1	M1	15347284	19190555
Melinaea_menophilus	OU911052.1	M20	13377361	18893230
Melinaea_menophilus	OU911053.1	M5	17338155	18776563
Melinaea_menophilus	OU911054.1	M2	15903932	18015549
Melinaea_menophilus	OU911055.1	M5	15207589	17395838
Melinaea_menophilus	OU911056.1	M7	7098984	16520369
Melinaea_menophilus	OU911057.1	M22	15853017	16372734
Melinaea_menophilus	OU911058.1	M14	14527286	16211337
Melitaea_cinxia	HG992211.1	M17	0	12332098
Melitaea_cinxia	HG992211.1	M20	12332098	20733919
Mellicta_athalia	HG992177.1	M20	0	9985175
Mellicta_athalia	HG992177.1	M17	9985175	25133022
Mesoligia_furuncula	OU744793.1	M20	0	13792927
Mesoligia_furuncula	OU744793.1	M17	13792927	34292173
Micropterix_aruncella	OX155980.1	MZ	0	51605068
Micropterix_aruncella	OX155980.1	M11	51605068	85726809
Miltochrista_miniata	OW121749.1	M17	0	23519688
Miltochrista_miniata	OW121749.1	M20	23519688	43252420
Mimas_tiliae	HG995242.1	M20	0	9127383
Mimas_tiliae	HG995238.1	M30	0	7533095
Mimas_tiliae	HG995246.1	M25	0	6918921
Mimas_tiliae	HG995238.1	M9	7533095	25978239
Mimas_tiliae	HG995242.1	M17	9127383	20297261
Mimas_tiliae	HG995246.1	M24	6918921	18418728
Mythimna_albipuncta	OV815962.1	M20	0	11230434
Mythimna_albipuncta	OV815962.1	M17	11230434	25935551
Mythimna_ferrago	OU342677.1	M17	0	17399427
Mythimna_ferrago	OU342677.1	M20	17399427	30426536
Mythimna_impura	LR990342.1	M20	0	14054325
Mythimna_impura	LR990342.1	M17	14054325	33470403
Mythimna_separata	CM037040.1	M20	0	10768223
Mythimna_separata	CM037040.1	M17	10768223	25793806
Noctua_fimbriata	LR990922.1	M20	0	9820826
Noctua_fimbriata	LR990922.1	M17	9820826	21732039
Noctua_janthe	OU342556.1	M17	0	11478248
Noctua_janthe	OU342556.1	M20	11478248	20497650
Noctua_pronuba	LR999894.1	M20	0	8304391
Noctua_pronuba	LR999894.1	M17	8304391	19954196
Notocelia_uddmanniana	LR991052.1	M20	0	16972753
Notocelia_uddmanniana	LR991052.1	M17	16972753	38781852
Notocelia_uddmanniana	LR991053.1	M5	0	29740293
Notocelia_uddmanniana	LR991054.1	M18	0	27019099
Notocelia_uddmanniana	LR991052.1	MZ	38781852	75621453
Notocelia_uddmanniana	LR991053.1	M13	29740293	51124293
Notocelia_uddmanniana	LR991054.1	M26	27019099	44977519
Notodonta_dromedarius	LR990163.1	M20	0	6329712
Notodonta_dromedarius	LR990163.1	M17	6329712	13871384
Notodonta_ziczac	OU974039.1	M17	0	7750843
Notodonta_ziczac	OU974039.1	M20	7750843	14517373
Nymphalis_polychloros	HG992246.1	M20	0	6938977
Nymphalis_polychloros	HG992246.1	M17	6938977	15828811
Nymphalis_urticae	LR989985.1	M17	0	8664962
Nymphalis_urticae	LR989985.1	M20	8664962	15240318
Ochlodes_sylvanus	FR990127.1	M17	0	8241293
Ochlodes_sylvanus	FR990129.1	M14	0	9735625
Ochlodes_sylvanus	FR990141.1	M27	0	7526273
Ochlodes_sylvanus	FR990127.1	M20	8241293	14960980
Ochlodes_sylvanus	FR990129.1	M30	9735625	14695477
Ochlodes_sylvanus	FR990141.1	M29	7526273	11821175
Ochropleura_plecta	FR997725.1	M17	0	13710283
Ochropleura_plecta	FR997725.1	M20	13710283	23478379
Omphaloscelis_lunosa	OU744245.1	M20	0	10687672
Omphaloscelis_lunosa	OU744245.1	M17	10687672	25478787
Operophtera_brumata	OW052232.1	M16	0	12255482
Operophtera_brumata	OW052232.1	M21	12255482	20534442
Operophtera_brumata	OW052232.1	M28	20534442	23860095
Operophtera_brumata	OW052239.1	M5	0	25257796
Operophtera_brumata	OW052239.1	M28	25257796	35906116
Operophtera_brumata	OW052239.1	M26	35906116	42921662
Operophtera_brumata	OW052239.1	M29	42921662	49398696
Operophtera_brumata	OW052239.1	M27	49398696	53776986
Operophtera_brumata	OW052239.1	M22	53776986	62038626
Operophtera_brumata	OW052229.1	M13	0	10952208
Operophtera_brumata	OW052229.1	M24	10952208	19529579
Operophtera_brumata	OW052227.1	M21	0	6880293
Operophtera_brumata	OW052227.1	M6	6880293	27565433
Operophtera_brumata	OW052227.1	M22	27565433	36066205
Operophtera_brumata	OW052227.1	M19	36066205	43125832
Operophtera_brumata	OW052228.1	M10	0	11476120
Operophtera_brumata	OW052228.1	M13	11476120	20965721
Operophtera_brumata	OW052226.1	M24	0	7584090
Operophtera_brumata	OW052226.1	M2	7584090	35046778
Operophtera_brumata	OW052226.1	M23	35046778	46218022
Operophtera_brumata	OW052225.1	M12	0	10676607
Operophtera_brumata	OW052225.1	M7	10676607	20780218
Operophtera_brumata	OW052225.1	M10	20780218	30861183
Operophtera_brumata	OW052225.1	M16	30861183	42239582
Operophtera_brumata	OW052225.1	M25	42239582	51135843
Operophtera_brumata	OW052225.1	M26	51135843	57916695
Operophtera_brumata	OW052230.1	M19	0	8652897
Operophtera_brumata	OW052230.1	M21	8652897	16068758
Operophtera_brumata	OW052230.1	M14	16068758	24125562
Operophtera_brumata	OW052233.1	M17	0	1764122
Operophtera_brumata	OW052233.1	M11	1764122	15372256
Operophtera_brumata	OW052233.1	M25	15372256	18988994
Operophtera_brumata	OW052231.1	M4	0	22134644
Operophtera_brumata	OW052238.1	M17	0	8863057
Operophtera_brumata	OW052234.1	M29	0	7399914
Operophtera_brumata	OW052234.1	M31	7399914	15838267
Operophtera_brumata	OW052225.1	M15	57916695	77040713
Operophtera_brumata	OW052226.1	M14	46218022	56841953
Operophtera_brumata	OW052227.1	M27	43125832	51201400
Operophtera_brumata	OW052228.1	M18	20965721	43329000
Operophtera_brumata	OW052229.1	M3	19529579	42533512
Operophtera_brumata	OW052230.1	M12	24125562	38567497
Operophtera_brumata	OW052231.1	M7	22134644	38081061
Operophtera_brumata	OW052232.1	M30	23860095	33878230
Operophtera_brumata	OW052233.1	M23	18988994	32877487
Operophtera_brumata	OW052234.1	M11	15838267	25802881
Operophtera_brumata	OW052238.1	M20	8863057	19944296
Operophtera_brumata	OW052239.1	MZ	62038626	84967711
Opisthograptis_luteolata	OV928036.1	M20	0	6775206
Opisthograptis_luteolata	OV928036.1	M17	6775206	14943612
Orgyia_antiqua	OU779873.1	M23	0	14734494
Orgyia_antiqua	OU779863.1	MZ	0	19601621
Orgyia_antiqua	OU779863.1	M30	19601621	26680619
Orgyia_antiqua	OU779864.1	M12	0	19336236
Orgyia_antiqua	OU779865.1	M5	0	19556849
Orgyia_antiqua	OU779871.1	M8	0	19082547
Orgyia_antiqua	OU779868.1	M10	0	16106070
Orgyia_antiqua	OU779862.1	M1	0	21588466
Orgyia_antiqua	OU779874.1	M26	0	11706621
Orgyia_antiqua	OU779861.1	M20	0	8984852
Orgyia_antiqua	OU779861.1	M17	8984852	17775082
Orgyia_antiqua	OU779861.1	M25	17775082	28868887
Orgyia_antiqua	OU779861.1	M29	28868887	36276186
Orgyia_antiqua	OU779870.1	M22	0	16224903
Orgyia_antiqua	OU779867.1	M18	0	17962995
Orgyia_antiqua	OU779866.1	M9	0	17601157
Orgyia_antiqua	OU779872.1	M31	0	8169154
Orgyia_antiqua	OU779869.1	M21	0	15104115
Orgyia_antiqua	OU779861.1	M27	36276186	44675926
Orgyia_antiqua	OU779862.1	M2	21588466	41666871
Orgyia_antiqua	OU779863.1	M24	26680619	38398989
Orgyia_antiqua	OU779864.1	M3	19336236	37852157
Orgyia_antiqua	OU779865.1	M7	19556849	36797664
Orgyia_antiqua	OU779866.1	M16	17601157	36178633
Orgyia_antiqua	OU779867.1	M15	17962995	34414056
Orgyia_antiqua	OU779868.1	M4	16106070	33299986
Orgyia_antiqua	OU779869.1	M14	15104115	32004277
Orgyia_antiqua	OU779870.1	M11	16224903	31697121
Orgyia_antiqua	OU779871.1	M19	19082547	31426800
Orgyia_antiqua	OU779872.1	M6	8169154	27853115
Orgyia_antiqua	OU779873.1	M28	14734494	26928026
Orgyia_antiqua	OU779874.1	M13	11706621	26706703
Pammene_fasciana	OU452272.1	M20	0	13823511
Pammene_fasciana	OU452272.1	M17	13823511	22805953
Pammene_fasciana	OU452273.1	M5	0	18334640
Pammene_fasciana	OU452274.1	M26	0	10020836
Pammene_fasciana	OU452272.1	MZ	22805953	46694440
Pammene_fasciana	OU452273.1	M13	18334640	32178858
Pammene_fasciana	OU452274.1	M18	10020836	28490648
Pandemis_cinnamomeana	OW028702.1	M20	0	9677359
Pandemis_cinnamomeana	OW028702.1	M17	9677359	19534409
Pandemis_cinnamomeana	OW028702.1	MZ	19534409	35212762
Papilio_machaon	OU538760.1	M17	0	5763791
Papilio_machaon	OU538776.1	M29	0	2820794
Papilio_machaon	OU538760.1	M20	5763791	10408510
Papilio_machaon	OU538776.1	M25	2820794	7248972
Parapoynx_stratiotata	OU342459.1	M17	0	10986326
Parapoynx_stratiotata	OU342476.1	M31	0	5990006
Parapoynx_stratiotata	OU342459.1	M20	10986326	19343352
Parapoynx_stratiotata	OU342476.1	M29	5990006	15522113
Pararge_aegeria	LR990895.1	M19	0	13406693
Pararge_aegeria	LR990894.1	M20	0	9386874
Pararge_aegeria	LR990899.1	M25	0	6821648
Pararge_aegeria	LR990903.1	M14	0	11590036
Pararge_aegeria	LR990894.1	M17	9386874	21559079
Pararge_aegeria	LR990895.1	M26	13406693	21295481
Pararge_aegeria	LR990899.1	M23	6821648	20310676
Pararge_aegeria	LR990903.1	M29	11590036	19375358
Peribatodes_rhomboidaria	OU452167.1	M20	0	8542911
Peribatodes_rhomboidaria	OU452167.1	M17	8542911	19225773
Phalera_bucephala	LR990609.1	MZ	0	28753151
Phalera_bucephala	LR990617.1	M20	0	16326176
Phalera_bucephala	LR990609.1	M22	28753151	59027677
Phalera_bucephala	LR990617.1	M17	16326176	37022708
Pheosia_gnoma	FR989896.1	M20	0	5288049
Pheosia_gnoma	FR989896.1	M17	5288049	11570256
Pheosia_tremula	HG995399.1	M17	0	6648921
Pheosia_tremula	HG995399.1	M20	6648921	12250811
Philereme_vetulata	OU975423.1	M12	0	6680010
Philereme_vetulata	OU975473.1	M17	0	4173737
Philereme_vetulata	OU975423.1	M13	6680010	17475120
Philereme_vetulata	OU975473.1	M20	4173737	7511951
Phlogophora_meticulosa	LR990519.1	M17	0	11009402
Phlogophora_meticulosa	LR990519.1	M20	11009402	19514918
Phragmatobia_fuliginosa	OW052057.1	M24	0	14659346
Phragmatobia_fuliginosa	OW052057.1	MZ	14659346	47526303
Phragmatobia_fuliginosa	OW052057.1	M19	47526303	60905985
Phragmatobia_fuliginosa	OW052058.1	M17	0	15014272
Phragmatobia_fuliginosa	OW052057.1	M22	60905985	81383725
Phragmatobia_fuliginosa	OW052058.1	M20	15014272	26742756
Pieris_brassicae	LR989937.1	M12	0	5332411
Pieris_brassicae	LR989937.1	M26	5332411	7532249
Pieris_brassicae	LR989937.1	M3	7532249	11690914
Pieris_brassicae	LR989937.1	M26	11690914	15479059
Pieris_brassicae	LR989937.1	M8	15479059	19529554
Pieris_brassicae	LR989943.1	M25	0	2208267
Pieris_brassicae	LR989935.1	M18	0	4140341
Pieris_brassicae	LR989935.1	M4	4140341	5472333
Pieris_brassicae	LR989935.1	M7	5472333	8475347
Pieris_brassicae	LR989935.1	M3	8475347	11243235
Pieris_brassicae	LR989935.1	M5	11243235	15350086
Pieris_brassicae	LR989935.1	M17	15350086	15942567
Pieris_brassicae	LR989935.1	M1	15942567	19846733
Pieris_brassicae	LR989935.1	M7	19846733	20601632
Pieris_brassicae	LR989940.1	M19	0	3688962
Pieris_brassicae	LR989940.1	M2	3688962	4547737
Pieris_brassicae	LR989940.1	M5	4547737	6185770
Pieris_brassicae	LR989940.1	M2	6185770	9187121
Pieris_brassicae	LR989940.1	M21	9187121	11888230
Pieris_brassicae	LR989940.1	M17	11888230	14134482
Pieris_brassicae	LR989940.1	M18	14134482	16145912
Pieris_brassicae	LR989939.1	M15	0	8711231
Pieris_brassicae	LR989939.1	M10	8711231	12653898
Pieris_brassicae	LR989939.1	M14	12653898	14416586
Pieris_brassicae	LR989939.1	M16	14416586	15165372
Pieris_brassicae	LR989939.1	M14	15165372	16143018
Pieris_brassicae	LR989942.1	M10	0	3714577
Pieris_brassicae	LR989942.1	M2	3714577	10796418
Pieris_brassicae	LR989934.1	M1	0	4529121
Pieris_brassicae	LR989934.1	M20	4529121	6741741
Pieris_brassicae	LR989934.1	M17	6741741	7275769
Pieris_brassicae	LR989934.1	M9	7275769	10798629
Pieris_brassicae	LR989934.1	M22	10798629	18742098
Pieris_brassicae	LR989941.1	M8	0	4257599
Pieris_brassicae	LR989941.1	M31	4257599	6706279
Pieris_brassicae	LR989941.1	M4	6706279	11331361
Pieris_brassicae	LR989941.1	M28	11331361	14466874
Pieris_brassicae	LR989941.1	M7	14466874	15458948
Pieris_brassicae	LR989941.1	M10	15458948	16988780
Pieris_brassicae	LR989932.1	M12	0	5408826
Pieris_brassicae	LR989932.1	M15	5408826	6569277
Pieris_brassicae	LR989932.1	M24	6569277	9134420
Pieris_brassicae	LR989932.1	M20	9134420	11771483
Pieris_brassicae	LR989932.1	M23	11771483	15417517
Pieris_brassicae	LR989932.1	M13	15417517	18641390
Pieris_brassicae	LR989933.1	M11	0	3470654
Pieris_brassicae	LR989933.1	M24	3470654	7005660
Pieris_brassicae	LR989933.1	M3	7005660	12304350
Pieris_brassicae	LR989933.1	M27	12304350	15135384
Pieris_brassicae	LR989933.1	M5	15135384	19120034
Pieris_brassicae	LR989938.1	M8	0	4755839
Pieris_brassicae	LR989938.1	M18	4755839	8230804
Pieris_brassicae	LR989938.1	M7	8230804	10910672
Pieris_brassicae	LR989938.1	M23	10910672	13771169
Pieris_brassicae	LR989938.1	M1	13771169	17491689
Pieris_brassicae	LR989938.1	M4	17491689	18008811
Pieris_brassicae	LR989945.1	M23	0	2143259
Pieris_brassicae	LR989936.1	M4	0	5308677
Pieris_brassicae	LR989936.1	M6	5308677	11637728
Pieris_brassicae	LR989936.1	M14	11637728	15314781
Pieris_brassicae	LR989936.1	M13	15314781	18860527
Pieris_brassicae	LR989944.1	M25	0	1587304
Pieris_brassicae	LR989944.1	M7	1587304	4097811
Pieris_brassicae	LR989944.1	M5	4097811	8072557
Pieris_brassicae	LR989932.1	M21	18641390	23587467
Pieris_brassicae	LR989933.1	M16	19120034	23112875
Pieris_brassicae	LR989934.1	M19	18742098	23069255
Pieris_brassicae	LR989935.1	M9	20601632	22868737
Pieris_brassicae	LR989936.1	M6	18860527	22819118
Pieris_brassicae	LR989937.1	M28	19529554	21879550
Pieris_brassicae	LR989938.1	M9	18008811	21549451
Pieris_brassicae	LR989939.1	M16	16143018	21291167
Pieris_brassicae	LR989940.1	M9	16145912	19444379
Pieris_brassicae	LR989941.1	M21	16988780	19010021
Pieris_brassicae	LR989942.1	M11	10796418	14789073
Pieris_brassicae	LR989943.1	MZ	2208267	12974436
Pieris_brassicae	LR989944.1	M29	8072557	11234761
Pieris_brassicae	LR989945.1	M17	2143259	6322985
Pieris_napi	HG993180.1	M26	0	4456260
Pieris_napi	HG993180.1	M8	4456260	10364399
Pieris_napi	HG993165.1	M25	0	2226538
Pieris_napi	HG993168.1	M12	0	5720144
Pieris_napi	HG993168.1	M26	5720144	9235071
Pieris_napi	HG993164.1	M9	0	2938501
Pieris_napi	HG993164.1	M7	2938501	3639528
Pieris_napi	HG993164.1	M1	3639528	8587662
Pieris_napi	HG993164.1	M17	8587662	11480336
Pieris_napi	HG993183.1	M2	0	3829402
Pieris_napi	HG993183.1	M5	3829402	6033410
Pieris_napi	HG993183.1	M2	6033410	8434835
Pieris_napi	HG993163.1	M10	0	3529533
Pieris_napi	HG993163.1	M14	3529533	7030301
Pieris_napi	HG993163.1	M16	7030301	7709326
Pieris_napi	HG993163.1	M14	7709326	8676465
Pieris_napi	HG993162.1	M10	0	3796918
Pieris_napi	HG993162.1	M2	3796918	10746169
Pieris_napi	HG993173.1	M9	0	4293814
Pieris_napi	HG993173.1	M17	4293814	4920504
Pieris_napi	HG993173.1	M20	4920504	8378800
Pieris_napi	HG993179.1	M4	0	4392467
Pieris_napi	HG993179.1	M28	4392467	6796400
Pieris_napi	HG993179.1	M7	6796400	9953457
Pieris_napi	HG993179.1	M10	9953457	11678757
Pieris_napi	HG993172.1	M23	0	3906337
Pieris_napi	HG993172.1	M13	3906337	8021306
Pieris_napi	HG993166.1	M20	0	3290030
Pieris_napi	HG993166.1	M24	3290030	6413494
Pieris_napi	HG993166.1	M15	6413494	7385888
Pieris_napi	HG993171.1	M27	0	5232529
Pieris_napi	HG993171.1	M5	5232529	9419189
Pieris_napi	HG993167.1	M19	0	3858848
Pieris_napi	HG993176.1	M11	0	3526126
Pieris_napi	HG993176.1	M24	3526126	7946043
Pieris_napi	HG993185.1	M8	0	5395442
Pieris_napi	HG993182.1	M9	0	5074872
Pieris_napi	HG993182.1	M18	5074872	6818429
Pieris_napi	HG993182.1	M17	6818429	7238279
Pieris_napi	HG993181.1	M8	0	4890296
Pieris_napi	HG993181.1	M18	4890296	9114725
Pieris_napi	HG993178.1	M23	0	3643326
Pieris_napi	HG993178.1	M1	3643326	7975989
Pieris_napi	HG993178.1	M4	7975989	8781239
Pieris_napi	HG993186.1	M23	0	2294357
Pieris_napi	HG993169.1	M4	0	5953629
Pieris_napi	HG993170.1	M18	0	4450827
Pieris_napi	HG993170.1	M4	4450827	6056973
Pieris_napi	HG993170.1	M7	6056973	9882166
Pieris_napi	HG993174.1	M14	0	4209668
Pieris_napi	HG993174.1	M13	4209668	9042758
Pieris_napi	HG993177.1	M29	0	3596467
Pieris_napi	HG993177.1	M5	3596467	8374070
Pieris_napi	HG993177.1	M7	8374070	10362397
Pieris_napi	HG993162.1	M11	10746169	15058180
Pieris_napi	HG993163.1	M16	8676465	14341859
Pieris_napi	HG993164.1	M5	11480336	14174661
Pieris_napi	HG993165.1	MZ	2226538	14073325
Pieris_napi	HG993166.1	M12	7385888	13841415
Pieris_napi	HG993167.1	M22	3858848	13820269
Pieris_napi	HG993168.1	M3	9235071	13692484
Pieris_napi	HG993169.1	M6	5953629	13512582
Pieris_napi	HG993170.1	M3	9882166	13495568
Pieris_napi	HG993171.1	M16	9419189	13392396
Pieris_napi	HG993172.1	M21	8021306	13204264
Pieris_napi	HG993173.1	M1	8378800	12982002
Pieris_napi	HG993174.1	M6	9042758	12949724
Pieris_napi	HG993176.1	M3	7946043	12842219
Pieris_napi	HG993177.1	M25	10362397	12725774
Pieris_napi	HG993178.1	M9	8781239	12513307
Pieris_napi	HG993179.1	M21	11678757	12485368
Pieris_napi	HG993180.1	M28	10364399	12385186
Pieris_napi	HG993181.1	M7	9114725	12217029
Pieris_napi	HG993182.1	M21	7238279	11746736
Pieris_napi	HG993183.1	M19	8434835	11574744
Pieris_napi	HG993185.1	M31	5395442	10418282
Pieris_napi	HG993186.1	M17	2294357	7949140
Pieris_rapae	LR990600.1	M28	0	2636324
Pieris_rapae	LR990600.1	M8	2636324	6506526
Pieris_rapae	LR990583.1	M25	0	1557672
Pieris_rapae	LR990589.1	M3	0	4030432
Pieris_rapae	LR990589.1	M26	4030432	6225660
Pieris_rapae	LR990592.1	M9	0	2395068
Pieris_rapae	LR990592.1	M7	2395068	2980424
Pieris_rapae	LR990592.1	M1	2980424	6250858
Pieris_rapae	LR990592.1	M17	6250858	8764704
Pieris_rapae	LR990602.1	M2	0	2853415
Pieris_rapae	LR990602.1	M5	2853415	4066054
Pieris_rapae	LR990602.1	M2	4066054	6501713
Pieris_rapae	LR990585.1	M10	0	3012644
Pieris_rapae	LR990585.1	M14	3012644	5173359
Pieris_rapae	LR990585.1	M16	5173359	5911057
Pieris_rapae	LR990585.1	M14	5911057	6911727
Pieris_rapae	LR990582.1	M10	0	3502898
Pieris_rapae	LR990582.1	M2	3502898	9340044
Pieris_rapae	LR990594.1	M9	0	3363702
Pieris_rapae	LR990594.1	M17	3363702	3900261
Pieris_rapae	LR990594.1	M20	3900261	6653542
Pieris_rapae	LR990595.1	M4	0	3765040
Pieris_rapae	LR990595.1	M28	3765040	5650404
Pieris_rapae	LR990595.1	M7	5650404	7702818
Pieris_rapae	LR990595.1	M10	7702818	9733443
Pieris_rapae	LR990588.1	M23	0	3348851
Pieris_rapae	LR990588.1	M13	3348851	6824006
Pieris_rapae	LR990584.1	M12	0	5017202
Pieris_rapae	LR990584.1	M15	5017202	6116537
Pieris_rapae	LR990584.1	M24	6116537	8612459
Pieris_rapae	LR990591.1	M16	0	3616655
Pieris_rapae	LR990591.1	M5	3616655	7106079
Pieris_rapae	LR990587.1	M19	0	3047912
Pieris_rapae	LR990593.1	M3	0	4719029
Pieris_rapae	LR990593.1	M24	4719029	7069761
Pieris_rapae	LR990604.1	M31	0	2658749
Pieris_rapae	LR990601.1	M9	0	4140556
Pieris_rapae	LR990601.1	M18	4140556	5198737
Pieris_rapae	LR990601.1	M17	5198737	5907103
Pieris_rapae	LR990599.1	M8	0	4108003
Pieris_rapae	LR990599.1	M18	4108003	7419672
Pieris_rapae	LR990598.1	M9	0	3246707
Pieris_rapae	LR990598.1	M4	3246707	3760157
Pieris_rapae	LR990598.1	M1	3760157	7448548
Pieris_rapae	LR990605.1	M17	0	3521640
Pieris_rapae	LR990586.1	M6	0	5844594
Pieris_rapae	LR990590.1	M3	0	3280097
Pieris_rapae	LR990590.1	M7	3280097	6413037
Pieris_rapae	LR990590.1	M4	6413037	6897808
Pieris_rapae	LR990596.1	M14	0	3379944
Pieris_rapae	LR990596.1	M13	3379944	7157106
Pieris_rapae	LR990597.1	M29	0	3109796
Pieris_rapae	LR990597.1	M5	3109796	6835039
Pieris_rapae	LR990597.1	M7	6835039	8418382
Pieris_rapae	LR990582.1	M11	9340044	12960541
Pieris_rapae	LR990583.1	MZ	1557672	12017442
Pieris_rapae	LR990584.1	M20	8612459	11917745
Pieris_rapae	LR990585.1	M16	6911727	11709868
Pieris_rapae	LR990586.1	M4	5844594	11405383
Pieris_rapae	LR990587.1	M22	3047912	11344803
Pieris_rapae	LR990588.1	M21	6824006	11079889
Pieris_rapae	LR990589.1	M12	6225660	10995687
Pieris_rapae	LR990590.1	M18	6897808	10995054
Pieris_rapae	LR990591.1	M27	7106079	10903787
Pieris_rapae	LR990592.1	M5	8764704	10887355
Pieris_rapae	LR990593.1	M11	7069761	10651053
Pieris_rapae	LR990594.1	M1	6653542	10479659
Pieris_rapae	LR990595.1	M21	9733443	10422527
Pieris_rapae	LR990596.1	M6	7157106	10419195
Pieris_rapae	LR990597.1	M25	8418382	10324270
Pieris_rapae	LR990598.1	M23	7448548	10179501
Pieris_rapae	LR990599.1	M7	7419672	9910546
Pieris_rapae	LR990600.1	M26	6506526	9383040
Pieris_rapae	LR990601.1	M21	5907103	9221942
Pieris_rapae	LR990602.1	M19	6501713	8925860
Pieris_rapae	LR990604.1	M8	2658749	7586539
Pieris_rapae	LR990605.1	M23	3521640	5389141
Plebejus_argus	FR989926.1	M28	0	7097644
Plebejus_argus	FR989926.1	M31	7097644	14153877
Plebejus_argus	FR989929.1	M5	0	13893841
Plebejus_argus	FR989929.1	M25	13893841	18745158
Plebejus_argus	FR989927.1	M19	0	9854150
Plebejus_argus	FR989931.1	M29	0	4700319
Plebejus_argus	FR989934.1	M17	0	9297726
Plebejus_argus	FR989928.1	M30	0	6499959
Plebejus_argus	FR989930.1	M11	0	11678571
Plebejus_argus	FR989933.1	M14	0	6457693
Plebejus_argus	FR989933.1	M26	6457693	7030848
Plebejus_argus	FR989933.1	M14	7030848	13286207
Plebejus_argus	FR989926.1	M13	14153877	25784602
Plebejus_argus	FR989927.1	M1	9854150	25107503
Plebejus_argus	FR989928.1	M18	6499959	20335251
Plebejus_argus	FR989929.1	M5	18745158	20012457
Plebejus_argus	FR989930.1	M23	11678571	19930218
Plebejus_argus	FR989931.1	M12	4700319	19241942
Plebejus_argus	FR989933.1	M26	13286207	18461553
Plebejus_argus	FR989934.1	M20	9297726	17023672
Plutella_xylostella	OW026555.1	M20	0	5718314
Plutella_xylostella	OW026555.1	M17	5718314	12292683
Polyommatus_icarus	OW569341.1	M28	0	8819154
Polyommatus_icarus	OW569320.1	M24	0	12930626
Polyommatus_icarus	OW569324.1	M5	0	1657836
Polyommatus_icarus	OW569324.1	M25	1657836	7524339
Polyommatus_icarus	OW569321.1	M1	0	20823981
Polyommatus_icarus	OW569325.1	M29	0	6013785
Polyommatus_icarus	OW569328.1	M20	0	9971514
Polyommatus_icarus	OW569322.1	M18	0	18879080
Polyommatus_icarus	OW569323.1	M11	0	14970353
Polyommatus_icarus	OW569327.1	M26	0	6737374
Polyommatus_icarus	OW569327.1	M14	6737374	13731245
Polyommatus_icarus	OW569327.1	M26	13731245	15639504
Polyommatus_icarus	OW569320.1	MZ	12930626	39537790
Polyommatus_icarus	OW569321.1	M19	20823981	31186699
Polyommatus_icarus	OW569322.1	M30	18879080	28844096
Polyommatus_icarus	OW569323.1	M23	14970353	25923370
Polyommatus_icarus	OW569324.1	M5	7524339	25735264
Polyommatus_icarus	OW569325.1	M12	6013785	24741705
Polyommatus_icarus	OW569327.1	M14	15639504	24010225
Polyommatus_icarus	OW569328.1	M17	9971514	22578940
Polyommatus_icarus	OW569341.1	M31	8819154	17248379
Protodeltote_pygarga	OW388253.1	M20	0	7453278
Protodeltote_pygarga	OW388253.1	M17	7453278	16797490
Ptilodon_capucinus	OU611811.1	M17	0	7652881
Ptilodon_capucinus	OU611811.1	M20	7652881	14130772
Pyrgus_malvae	OU426952.1	M17	0	17227587
Pyrgus_malvae	OU426952.1	M20	17227587	29972121
Schrankia_costaestrigalis	FR997826.1	M17	0	13144081
Schrankia_costaestrigalis	FR997826.1	M20	13144081	14382655
Schrankia_costaestrigalis	FR997826.1	M17	14382655	15387115
Schrankia_costaestrigalis	FR997826.1	M20	15387115	24120268
Selenia_dentaria	OU862879.1	M20	0	18023333
Selenia_dentaria	OU862875.1	M27	0	23706831
Selenia_dentaria	OU862875.1	M6	23706831	54712836
Selenia_dentaria	OU862879.1	M17	18023333	42875706
Sesia_apiformis	OU611950.1	M20	0	9860762
Sesia_apiformis	OU611950.1	M17	9860762	22999858
Sesia_bembeciformis	OX031027.1	M20	0	8708827
Sesia_bembeciformis	OX031027.1	M17	8708827	20060350
Spilarctia_lutea	OU696471.1	M17	0	13401203
Spilarctia_lutea	OU696471.1	M20	13401203	24139156
Spilosoma_lubricipeda	HG992274.1	MZ	0	25129805
Spilosoma_lubricipeda	HG992275.1	M17	0	13745698
Spilosoma_lubricipeda	HG992274.1	M25	25129805	35930409
Spilosoma_lubricipeda	HG992275.1	M20	13745698	24841857
Spodoptera_exigua	CM039375.1	M17	0	9361808
Spodoptera_exigua	CM039375.1	M20	9361808	16357963
Spodoptera_frugiperda	CM021668.1	M20	0	9368196
Spodoptera_frugiperda	CM021668.1	M17	9368196	17446946
Spodoptera_frugiperda	CM021668.1	M20	17446946	19073135
Spodoptera_litura	CM008393.1	M20	0	5877371
Spodoptera_litura	CM008393.1	M17	5877371	15431534
Stenoptilia_bipunctidactyla	OX101721.1	M22	0	11448932
Stenoptilia_bipunctidactyla	OX101721.1	MZ	11448932	15221890
Stenoptilia_bipunctidactyla	OX101721.1	M22	15221890	19892086
Stenoptilia_bipunctidactyla	OX101721.1	MZ	19892086	24301747
Stenoptilia_bipunctidactyla	OX101721.1	M22	24301747	28751912
Stenoptilia_bipunctidactyla	OX101721.1	MZ	28751912	35123082
Stenoptilia_bipunctidactyla	OX101721.1	M22	35123082	37989334
Stenoptilia_bipunctidactyla	OX101723.1	M17	0	18017591
Stenoptilia_bipunctidactyla	OX101721.1	MZ	37989334	51424521
Stenoptilia_bipunctidactyla	OX101723.1	M20	18017591	30102512
Synanthedon_andrenaeformis	OW387779.1	M17	0	8312685
Synanthedon_andrenaeformis	OW387779.1	M20	8312685	14754300
Synanthedon_myopaeformis	OX122918.1	M20	0	5219371
Synanthedon_myopaeformis	OX122918.1	M17	5219371	12255360
Synanthedon_vespiformis	OU906950.1	M20	0	5187499
Synanthedon_vespiformis	OU906950.1	M17	5187499	11923614
Thera_britannica	OW618037.1	M7	0	14874134
Thera_britannica	OW618037.1	M31	14874134	18722078
Thera_britannica	OW618041.1	M3	0	15917819
Thera_britannica	OW618035.1	M5	0	15193426
Thera_britannica	OW618042.1	M13	0	11486419
Thera_britannica	OW618036.1	M10	0	12845369
Thera_britannica	OW618048.1	M17	0	8518177
Thera_britannica	OW618040.1	M8	0	13661533
Thera_britannica	OW618034.1	M9	0	14261610
Thera_britannica	OW618043.1	M27	0	9245890
Thera_britannica	OW618039.1	M14	0	10926148
Thera_britannica	OW618038.1	M11	0	12685955
Thera_britannica	OW618045.1	M26	0	9195371
Thera_britannica	OW618034.1	M16	14261610	28444684
Thera_britannica	OW618035.1	M15	15193426	26988082
Thera_britannica	OW618036.1	M12	12845369	26963006
Thera_britannica	OW618037.1	M28	18722078	26137740
Thera_britannica	OW618038.1	M4	12685955	25671074
Thera_britannica	OW618039.1	M6	10926148	24719742
Thera_britannica	OW618040.1	M24	13661533	23276403
Thera_britannica	OW618041.1	M30	15917819	23200458
Thera_britannica	OW618042.1	M19	11486419	21574048
Thera_britannica	OW618043.1	M23	9245890	20440301
Thera_britannica	OW618045.1	M29	9195371	16045852
Thera_britannica	OW618048.1	M20	8518177	15726983
Tholera_decimalis	OW964549.1	M17	0	31916319
Tholera_decimalis	OW964549.1	M20	31916319	52471189
Thyatira_batis	LR990488.1	M17	0	7120060
Thyatira_batis	LR990488.1	M20	7120060	12916372
Thymelicus_sylvestris	OU426885.1	MZ	0	25435164
Thymelicus_sylvestris	OU426889.1	M20	0	8465485
Thymelicus_sylvestris	OU426887.1	M14	0	13069919
Thymelicus_sylvestris	OU426903.1	M29	0	5833531
Thymelicus_sylvestris	OU426885.1	M26	25435164	37236842
Thymelicus_sylvestris	OU426887.1	M30	13069919	20739567
Thymelicus_sylvestris	OU426889.1	M17	8465485	19757560
Thymelicus_sylvestris	OU426903.1	M27	5833531	15050683
Tinea_semifulvella	OU342584.1	M29	0	8109278
Tinea_semifulvella	OU342590.1	M17	0	4171495
Tinea_semifulvella	OU342584.1	MZ	8109278	35936759
Tinea_semifulvella	OU342590.1	M20	4171495	16007363
Tinea_trinotella	HG992305.1	M29	0	5786965
Tinea_trinotella	HG992312.1	M17	0	8356030
Tinea_trinotella	HG992305.1	MZ	5786965	21020397
Tinea_trinotella	HG992312.1	M20	8356030	14992920
Vanessa_atalanta	LR990551.1	M17	0	8242870
Vanessa_atalanta	LR990551.1	M20	8242870	14662588
Vanessa_cardui	LR999926.1	M20	0	6958843
Vanessa_cardui	LR999926.1	M17	6958843	16362069
Watsonalla_binaria	OV838923.1	M20	0	5850236
Watsonalla_binaria	OV838923.1	M17	5850236	13107634
Xestia_c-nigrum	OU745246.1	M17	0	16826049
Xestia_c-nigrum	OU745246.1	M20	16826049	28592290
Xestia_sexstrigata	OW799202.1	M20	0	10569754
Xestia_sexstrigata	OW799202.1	M17	10569754	24732016
Xestia_xanthographa	LR990645.1	M20	0	14003758
Xestia_xanthographa	LR990645.1	M17	14003758	33934348
Xylocampa_areola	OW285201.1	M17	0	13467844
Xylocampa_areola	OW285201.1	M20	13467844	23065010
Yponomeuta_sedellus	OW203728.1	M20	0	10076819
Yponomeuta_sedellus	OW203728.1	M17	10076819	25060794
Ypsolopha_scabrella	OU342960.1	MZ	0	31463526
Ypsolopha_scabrella	OU342962.1	M17	0	18523367
Ypsolopha_scabrella	OU342960.1	M24	31463526	52420632
Ypsolopha_scabrella	OU342962.1	M20	18523367	32863811
Ypsolopha_sequella	OW203983.1	MZ	0	32985347
Ypsolopha_sequella	OW203987.1	M20	0	14424998
Ypsolopha_sequella	OW203983.1	M24	32985347	51978369
Ypsolopha_sequella	OW203987.1	M17	14424998	32194000
Zeuzera_pyrina	OU015617.1	M20	0	12143876
Zeuzera_pyrina	OU015617.1	M17	12143876	29234349
Zygaena_filipendulae	OU015651.1	M20	0	6880352
Zygaena_filipendulae	OU015670.1	M30	0	5259485
Zygaena_filipendulae	OU015651.1	M17	6880352	15738682
Zygaena_filipendulae	OU015670.1	M31	5259485	10568835
