Species	Assembly_name	Source	Genbank_assembly_accession	Assembly_level	Order	Superfamily	Family	Genome_size	Scaffold_N50	Contig_N50_Mb	Percentage_assembly_in_chr	Chr_number	BUSCO_completeness	Number_duplicate_buscos	Percentage_duplication	Citation
Glyphotaelius_pellucidus	iiGlyPell1.1	DToL	GCA_936435175.1	Chromosomal	Trichoptera	Limnephiloidea	Limnephilidae	1037123706	36814344	8.2	99.95	29	75.5	199	1.4	E. McSwan, G. R. Broad, I. Wallace, B. W. Price, I. Wallace, Natural History Museum Genome Acquisition Lab, Darwin Tree of Life Barcoding collective, Wellcome Sanger Institute Tree of Life programme, Wellcome Sanger Institute Scientific Operations: DNA Pipelines collective, Tree of Life Core Informatics collective, Darwin Tree of Life Consortium, The genome sequence of the Mottled Sedge, Glyphotaelius pellucidus (Retzius, 1783) [version 1; peer review: awaiting peer review]. Wellcome Open Res. 8, 102 (2023).
Hydropsyche_tenuis	HT1_wtdbg2_racon_pilon	INSDC	GCA_009617725.1	Scaffold	Trichoptera	Hydropsychoidea	Hydropsychidae	229663394	2190134	2.2	93.36	53	72	89	0.8	J. Heckenhauer, P. B. Frandsen, D. K. Gupta, J. Paule, S. Prost, T. Schell, J. V. Schneider, R. J. Stewart, S. U. Pauls, Annotated Draft Genomes of Two Caddisfly Species Plectrocnemia conspersa CURTIS and Hydropsyche tenuis NAVAS (Insecta: Trichoptera). Genome Biol. Evol. 11, 3445–3451 (2019).
Limnephilus_lunatus	iiLimLuna2.2	DToL	GCA_917563855.2	Chromosomal	Trichoptera	Limnephiloidea	Limnephilidae	1269651477	95392806	19	99.88	13	75.6	270	1.8	M. Austin, C. Clifford, G. Rutt, B. W. Price, I. Wallace, Natural History Museum Genome Acquisition Lab, Wellcome Sanger Institute Tree of Life programme, Wellcome Sanger Institute Scientific Operations: DNA Pipelines collective, Tree of Life Core Informatics collective, Darwin Tree of Life Consortium, The genome sequence of a caddisfly, Limnephilus lunatus (Curtis, 1834). Wellcome Open Res. 8, 25 (2023).
Limnephilus_marmoratus	iiLimMarm1.1	DToL	GCA_917880885.1	Chromosomal	Trichoptera	Limnephiloidea	Limnephilidae	1629971709	56174236	8	99.94	29	75.6	207	1.5	C. Clifford, K. Friend, S. Skipp, I. Wallace, B. W. Price, Natural History Museum Genome Acquisition Lab, Wellcome Sanger Institute Tree of Life programme, Wellcome Sanger Institute Scientific Operations: DNA Pipelines collective, Tree of Life Core Informatics collective, Darwin Tree of Life Consortium, The genome sequence of the cinnamon sedge caddisfly, Limnephilus marmoratus (Curtis, 1834). Wellcome Open Res. 8, 64 (2023).
Limnephilus_rhombicus	iiLimRhom1.1	DToL	GCA_929108145.1	Chromosomal	Trichoptera	Limnephiloidea	Limnephilidae	1578823873	54234467	10.8	99.89	29	75.5	203	1.6	G. Broad, P. Benjamin W, W. Ian, Natural History Museum Genome Acquisition Lab, Wellcome Sanger Institute Tree of Life programme, Wellcome Sanger Institute Scientific Operations: DNA Pipelines collective, Tree of Life Core Informatics collective, Darwin Tree of Life Consortium, The genome sequence of a caddisfly, Limnephilus rhombicus (Linnaeus, 1758). Wellcome Open Res. 8, 170 (2023).
Abrostola_tripartita	ilAbrTrip1.1	DToL	GCA_905340225.1	Chromosomal	Lepidoptera	Noctuoidea	Noctuidae	381057457	13645312	13.6	99.99	31	99	20	0.2	D. Boyes, L. Crowley, P. W. H. Holland, University of Oxford and Wytham Woods Genome Acquisition Lab, Darwin Tree of Life Barcoding collective, Wellcome Sanger Institute Tree of Life programme, Wellcome Sanger Institute Scientific Operations: DNA Pipelines collective, Tree of Life Core Informatics collective, Darwin Tree of Life Consortium, The genome sequence of the spectacle, Abrostola tripartita Hufnagel, 1766. Wellcome Open Res. 6, 330 (2021).
Acentria_ephemerella	ilAceEphe1.1	DToL	GCA_943193645.1	Chromosomal	Lepidoptera	Pyraloidea	Crambidae	340792766	12251206	12.3	99.91	31	98.7	36	0.3	
Acleris_emargana	ilAclEmar1.1	DToL	GCA_927399475.1	Chromosomal	Lepidoptera	Tortricoidea	Tortricidae	691448280	22775158	16.6	99.99	30	97.8	83	0.7	
Acleris_sparsana	ilAclSpar1.1	DToL	GCA_923062465.1	Chromosomal	Lepidoptera	Tortricoidea	Tortricidae	589546063	19007631	18.9	99.99	30	98.3	69	0.6	
Acrobasis_suavella	ilAcrSuav1.1	DToL	GCA_943193695.1	Chromosomal	Lepidoptera	Pyraloidea	Pyralidae	647282432	23584496	22	100	30	98.9	56	0.5	
Acronicta_aceris	ilAcrAcer1.1	DToL	GCA_910591435.1	Chromosomal	Lepidoptera	Noctuoidea	Noctuidae	466384436	16061144	15.4	100	31	99	52	0.5	D. Boyes, L. Crowley, P. W. H. Holland, University of Oxford and Wytham Woods Genome Acquisition Lab, Darwin Tree of Life Barcoding collective, Wellcome Sanger Institute Tree of Life programme, Wellcome Sanger Institute Scientific Operations: DNA Pipelines collective, Tree of Life Core Informatics collective, Darwin Tree of Life Consortium, The genome sequence of the sycamore, Acronicta aceris (Linnaeus, 1758). Wellcome Open Res. 6, 326 (2021).
Agonopterix_arenella	ilAgoAren1.1	DToL	GCA_927399405.1	Chromosomal	Lepidoptera	Gelechioidea	Depressariidae	545825857	18923089	18.9	99.98	30	98.7	80	0.7	D. Boyes, P. W. H. Holland, University of Oxford and Wytham Woods Genome Acquisition Lab, Darwin Tree of Life Barcoding collective, Wellcome Sanger Institute Tree of Life programme, Wellcome Sanger Institute Scientific Operations: DNA Pipelines collective, Tree of Life Core Informatics collective, Darwin Tree of Life Consortium, The genome sequence of the Brindled Flat-body, Agonopterix arenella (Denis & Schiffermüller, 1775). Wellcome Open Res. 8, 214 (2023)
Agonopterix_subpropinquella	ilAgoSubp1.1	DToL	GCA_922987775.1	Chromosomal	Lepidoptera	Gelechioidea	Depressariidae	667905724	25090608	11.6	99.99	28	98.7	82	0.7	
Agriopis_aurantiaria	ilAgrAura1.1	DToL	GCA_914767915.1	Chromosomal	Lepidoptera	Geometroidea	Geometridae	485385411	18049239	13.3	100	30	98.4	63	0.5	
Agriopis_marginaria	ilAgrMarg1.1	DToL	GCA_932305915.1	Chromosomal	Lepidoptera	Geometroidea	Geometridae	500896711	18395758	14.5	99.99	29	98.3	79	0.6	D. C. Lees, D. Boyes, Natural History Museum Genome Acquisition Lab, University of Oxford and Wytham Woods Genome Acquisition Lab, Darwin Tree of Life Barcoding collective, Wellcome Sanger Institute Tree of Life programme, Wellcome Sanger Institute Scientific Operations: DNA Pipelines collective, Tree of Life Core Informatics collective, Darwin Tree of Life Consortium, The genome sequence of the dotted border, Agriopis marginaria (Fabricius, 1776). Wellcome Open Res. 8, 152 (2023).
Agriphila_geniculea	ilAgrGeni1.1	DToL	GCA_943789525.1	Chromosomal	Lepidoptera	Pyraloidea	Crambidae	781653547	26408729	7.27	99.86	29	98.2	91	0.8	D. Boyes, J. Hammond, University of Oxford and Wytham Woods Genome Acquisition Lab, Darwin Tree of Life Barcoding collective, Wellcome Sanger Institute Tree of Life programme, Wellcome Sanger Institute Scientific Operations: DNA Pipelines collective, Tree of Life Core Informatics collective, Darwin Tree of Life Consortium, The genome sequence of the Elbow-stripe Grass-veneer, Agriphila geniculea (Haworth, 1811). Wellcome Open Res. 8, 86 (2023).
Agriphila_tristella	ilAgrTris1.1	DToL	GCA_928269145.1	Chromosomal	Lepidoptera	Pyraloidea	Crambidae	801775791	51702748	15.3	99.64	23	98.1	80	0.7	D. Boyes, L. Parkerson, University of Oxford and Wytham Woods Genome Acquisition Lab, Darwin Tree of Life Barcoding collective, Wellcome Sanger Institute Tree of Life programme, Wellcome Sanger Institute Scientific Operations: DNA Pipelines collective, Tree of Life Core Informatics collective, Darwin Tree of Life Consortium, The genome sequence of the common grass-veneer, Agriphila tristella (Denis & Schiffermüller, 1775). Wellcome Open Res. 7, 304 (2022).
Agrochola_circellaris	ilAgrCirc1.1	DToL	GCA_914767755.1	Chromosomal	Lepidoptera	Noctuoidea	Noctuidae	572162832	19711079	19.7	99.97	30	99.2	73	0.7	D. Boyes, A. Hoile, University of Oxford and Wytham Woods Genome Acquisition Lab, Darwin Tree of Life Barcoding collective, Wellcome Sanger Institute Tree of Life programme, Wellcome Sanger Institute Scientific Operations: DNA Pipelines collective, Tree of Life Core Informatics collective, Darwin Tree of Life Consortium, The genome sequence of the Brick, Agrochola circellaris (Hufnagel, 1766). Wellcome Open Res. 8, 44 (2023).
Agrochola_macilenta	ilAgrMaci1.1	DToL	GCA_916701695.1	Chromosomal	Lepidoptera	Noctuoidea	Noctuidae	683223563	22977954	22.3	99.98	31	98.9	87	0.8	D. Boyes, C. Boyes, University of Oxford and Wytham Woods Genome Acquisition Lab, Darwin Tree of Life Barcoding collective, Wellcome Sanger Institute Tree of Life programme, Wellcome Sanger Institute Scientific Operations: DNA Pipelines collective, Tree of Life Core Informatics collective, Darwin Tree of Life Consortium, The genome sequence of the Yellow-line Quaker, Agrochola macilenta (Hubner, 1809). Wellcome Open Res. 8, 90 (2023).
Agrotis_puta	ilAgrPuta1.1	DToL	GCA_943136025.1	Chromosomal	Lepidoptera	Noctuoidea	Noctuidae	523321491	18289922	12	99.98	31	98.9	77	0.7	D. Boyes, G. R. Broad, P. W. H. Holland, University of Oxford and Wytham Woods Genome Acquisition Lab, Natural History Museum Genome Acquisition Lab, Darwin Tree of Life Barcoding collective, Wellcome Sanger Institute Tree of Life programme, Wellcome Sanger Institute Scientific Operations: DNA Pipelines collective, Tree of Life Core Informatics collective, Darwin Tree of Life Consortium, The genome sequence of the Shuttle-shaped Dart, Agrotis puta (Hübner, 1803). Wellcome Open Res. 8, 84 (2023).
Allophyes_oxyacanthae	ilAllOxya1.1	DToL	GCA_932294325.1	Chromosomal	Lepidoptera	Noctuoidea	Noctuidae	458479537	16683655	16.4	100	31	99.2	46	0.4	D. Boyes, P. W. H. Holland, University of Oxford and Wytham Woods Genome Acquisition Lab, Darwin Tree of Life Barcoding collective, Wellcome Sanger Institute Tree of Life programme, Wellcome Sanger Institute Scientific Operations: DNA Pipelines collective, Tree of Life Core Informatics collective, Darwin Tree of Life Consortium, The genome sequence of the Green-brindled Crescent, Allophyes oxyacanthae (Linnaeus, 1758). Wellcome Open Res. 8, 53 (2023).
Amphipyra_berbera	ilAmpBerb1.2	DToL	GCA_910594945.2	Chromosomal	Lepidoptera	Noctuoidea	Noctuidae	582305243	20126316	19.9	99.98	31	99	49	0.5	D. Boyes, L. M. Crowley, P. W. H. Holland, University of Oxford and Wytham Woods Genome Acquisition Lab, Darwin Tree of Life Barcoding collective, Wellcome Sanger Institute Tree of Life programme, Wellcome Sanger Institute Scientific Operations: DNA Pipelines collective, Tree of Life Core Informatics collective, Darwin Tree of Life Consortium, The genome sequence of Svensson’s copper underwing, Amphipyra berbera Rungs, 1949. Wellcome Open Res. 6, 314 (2021).
Amphipyra_tragopoginis	ilAmpTrag2.1	DToL	GCA_905220435.1	Chromosomal	Lepidoptera	Noctuoidea	Noctuidae	805668602	28301216	23.5	100	31	98.8	32	0.3	D. Boyes, P. W. H. Holland, University of Oxford and Wytham Woods Genome Acquisition Lab, Darwin Tree of Life Barcoding collective, Wellcome Sanger Institute Tree of Life programme, Wellcome Sanger Institute Scientific Operations: DNA Pipelines collective, Tree of Life Core Informatics collective, Darwin Tree of Life Consortium, The genome sequence of the Mouse Moth, Amphipyra tragopoginis (Clerck 1759). Wellcome Open Res. 8, 54 (2023)
Anthocharis_cardamines	ilAntCard3.1	DToL	GCA_905404175.1	Chromosomal	Lepidoptera	Papilionoidea	Pieridae	359616706	12507586	6.27	99.63	30	99	39	0.4	S. Ebdon, G. Bisschop, K. Lohse, I. Saccheri, J. Davies, Wellcome Sanger Institute Tree of Life programme, Wellcome Sanger Institute Scientific Operations: DNA Pipelines collective, Tree of Life Core Informatics collective, Darwin Tree of Life Consortium, The genome sequence of the orange-tip butterfly, Anthocharis cardamines (Linnaeus, 1758). Wellcome Open Res. 7, 260 (2022).
Apamea_monoglypha	ilApaMono1.2	DToL	GCA_911387795.2	Chromosomal	Lepidoptera	Noctuoidea	Noctuidae	575683298	19918846	9.14	99.99	31	98.9	84	0.8	D. Boyes, J. F. Mulley, University of Oxford and Wytham Woods Genome Acquisition Lab, Darwin Tree of Life Barcoding collective, Wellcome Sanger Institute Tree of Life programme, Wellcome Sanger Institute Scientific Operations: DNA Pipelines collective, Tree of Life Core Informatics collective, Darwin Tree of Life Consortium, The genome sequence of the Dark Arches Apamea monoglypha (Hufnagel, 1766). Wellcome Open Res. 8, 63 (2023).
Apeira_syringaria	ilApeSyri1.1	DToL	GCA_934044485.1	Chromosomal	Lepidoptera	Geometroidea	Geometridae	544443574	20999187	21	99.82	29	98.4	72	0.7	D. Boyes, O. T. Lewis, University of Oxford and Wytham Woods Genome Acquisition Lab, Darwin Tree of Life Barcoding collective, Wellcome Sanger Institute Tree of Life programme, Wellcome Sanger Institute Scientific Operations: DNA Pipelines collective, Tree of Life Core Informatics collective, Darwin Tree of Life Consortium, The genome sequence of the Lilac Beauty, Apeira syringaria (Linnaeus, 1758). Wellcome Open Res. 8, 159 (2023).
Aphantopus_hyperantus	iAphHyp1.2	DToL	GCA_902806685.2	Chromosomal	Lepidoptera	Papilionoidea	Nymphalidae	408137179	15230192	2.01	99.24	29	98	70	0.5	D. Mead, I. Saccheri, C. J. Yung, K. Lohse, C. Lohse, P. Ashmole, M. Smith, C. Corton, K. Oliver, J. Skelton, E. Betteridge, M. A. Quail, J. Dolucan, S. A. McCarthy, K. Howe, J. Wood, J. Torrance, A. Tracey, S. Whiteford, R. Challis, R. Durbin, M. Blaxter, The genome sequence of the ringlet, Aphantopus hyperantus Linnaeus 1758. Wellcome Open Res. 6, 165 (2021).
Aplocera_efformata	ilAplEffo1.1	DToL	GCA_921293045.1	Chromosomal	Lepidoptera	Geometroidea	Geometridae	349498550	12527553	12.5	99.58	31	98.4	41	0.3	D. Boyes, M. Palmada-Flores, University of Oxford and Wytham Woods Genome Acquisition Lab, Darwin Tree of Life Barcoding collective, Wellcome Sanger Institute Tree of Life programme, Wellcome Sanger Institute Scientific Operations: DNA Pipelines collective, Tree of Life Core Informatics collective, Darwin Tree of Life Consortium, The genome sequence of the lesser treble-bar moth, Aplocera efformata (Guenée, 1857). Wellcome Open Res. 7, 303 (2022).
Aporia_crataegi	ilApoCrat1.1	DToL	GCA_912999735.1	Chromosomal	Lepidoptera	Papilionoidea	Pieridae	229694036	9626953	9.63	99.99	25	98.4	75	0.6	S. Ebdon, A. Mackintosh, K. Lohse, A. Hayward, S. Arif, R. Whitla, Darwin Tree of Life Barcoding collective, Wellcome Sanger Institute Tree of Life programme, Wellcome Sanger Institute Scientific Operations: DNA Pipelines collective, Tree of Life Core Informatics collective, Darwin Tree of Life Consortium, The genome sequence of the black-veined white butterfly, Aporia crataegi (Linnaeus, 1758). Wellcome Open Res. 7, 81 (2022).
Aporophyla_lueneburgensis	ilApoLuen1.1	DToL	GCA_932294355.1	Chromosomal	Lepidoptera	Noctuoidea	Noctuidae	978307447	32091479	20.1	99.7	31	98.7	73	0.6	D. Boyes, P. W. H. Holland, University of Oxford and Wytham Woods Genome Acquisition Lab, Darwin Tree of Life Barcoding collective, Wellcome Sanger Institute Tree of Life programme, Wellcome Sanger Institute Scientific Operations: DNA Pipelines collective, Tree of Life Core Informatics collective, Darwin Tree of Life Consortium, The genome sequence of the Northern Deep-brown Dart, Aporophyla lueneburgensis (Freyer, 1848). Wellcome Open Res. 8, 149 (2023).
Apotomis_betuletana	ilApoBetu1.1	DToL	GCA_932273695.1	Chromosomal	Lepidoptera	Tortricoidea	Tortricidae	684240599	24873308	12.4	99.72	28	98.2	74	0.6	D. Boyes, J. F. Mulley, University of Oxford and Wytham Woods Genome Acquisition Lab, Darwin Tree of Life Barcoding collective, Wellcome Sanger Institute Tree of Life programme, Wellcome Sanger Institute Scientific Operations: DNA Pipelines collective, Tree of Life Core Informatics collective, Darwin Tree of Life Consortium, The genome sequence of the Birch Marble, Apotomis betuletana (Haworth, 1811). Wellcome Open Res. 8, 66 (2023).
Apotomis_turbidana	ilApoTurb1.2	DToL	GCA_905147355.2	Chromosomal	Lepidoptera	Tortricoidea	Tortricidae	720467098	27109628	13.8	99.88	28	98.3	82	0.7	D. Boyes, J. Hammond, University of Oxford and Wytham Woods Genome Acquisition Lab, Darwin Tree of Life Barcoding collective, Wellcome Sanger Institute Tree of Life programme, Wellcome Sanger Institute Scientific Operations: DNA Pipelines collective, Tree of Life Core Informatics collective, Darwin Tree of Life Consortium, The genome sequence of the White-shouldered Marble, Apotomis turbidana (Hübner, 1825). Wellcome Open Res. 8, 127 (2023).
Aricia_agestis	ilAriAges1.1	DToL	GCA_905147365.1	Chromosomal	Lepidoptera	Papilionoidea	Lycaenidae	435280672	19030843	17.8	99.98	23	97.3	40	0.3	
Aricia_artaxerxes	ilAriArta2.1	DToL	GCA_937612035.1	Chromosomal	Lepidoptera	Papilionoidea	Lycaenidae	458496882	20114245	14.8	99.99	23	97.2	45	0.4	S. Ebdon, K. Lohse, A. Jansen Van Rensburg, Wellcome Sanger Institute Tree of Life programme, Wellcome Sanger Institute Scientific Operations: DNA Pipelines collective, Tree of Life Core Informatics collective, Darwin Tree of Life Consortium, The genome sequence of the northern brown argus, Aricia artaxerxes (Fabricius, 1793). Wellcome Open Res. 7, 314 (2022).
Atethmia_centrago	ilAteCent1.3	DToL	GCA_905333075.3	Chromosomal	Lepidoptera	Noctuoidea	Noctuidae	926655388	31773998	26.6	99.93	31	99	61	0.5	
Autographa_gamma	ilAutGamm1.1	DToL	GCA_905146925.1	Chromosomal	Lepidoptera	Noctuoidea	Noctuidae	373067087	12167202	11.2	98.6	31	98.9	35	0.3	D. Boyes, P. W. H. Holland, University of Oxford and Wytham Woods Genome Acquisition Lab, Darwin Tree of Life Barcoding collective, Wellcome Sanger Institute Tree of Life programme, Wellcome Sanger Institute Scientific Operations: DNA Pipelines collective, Tree of Life Core Informatics collective, Darwin Tree of Life Consortium, The genome sequence of the silver Y moth, Autographa gamma (Linnaeus, 1758) [version 1; peer review: 1 approved]. Wellcome Open Res. 7, 100 (2022).
Autographa_pulchrina	ilAutPulc1.1	DToL	GCA_905475315.1	Chromosomal	Lepidoptera	Noctuoidea	Noctuidae	426240943	13453062	9.61	98.75	31	98.9	36	0.3	
Bembecia_ichneumoniformis	ilBemIchn1.1	DToL	GCA_910589475.1	Chromosomal	Lepidoptera	Sesioidea	Sesiidae	511429143	18823830	15.6	99.96	31	97.9	59	0.5	
Biston_betularia	ilBisBetu1.2	DToL	GCA_905404145.2	Chromosomal	Lepidoptera	Geometroidea	Geometridae	404525905	14733994	14	99.99	31	98.7	46	0.4	D. Boyes, C. Wright, University of Oxford and Wytham Woods Genome Acquisition Lab, Darwin Tree of Life Barcoding collective, Wellcome Sanger Institute Tree of Life programme, Wellcome Sanger Institute Scientific Operations: DNA Pipelines collective, Tree of Life Core Informatics collective, Darwin Tree of Life Consortium, The genome sequence of the peppered moth, Biston betularia Linnaeus, 1758. Wellcome Open Res. 7, 97 (2022).
Blastobasis_adustella	ilBlaAdus2.1	DToL	GCA_907269095.1	Chromosomal	Lepidoptera	Gelechioidea	Blastobasidae	557440016	19379192	18	99.93	30	98	102	0.9	
Blastobasis_lacticolella	ilBlaLact1.1	DToL	GCA_905147135.1	Chromosomal	Lepidoptera	Gelechioidea	Blastobasidae	577083784	20548006	11.6	99.91	30	97.7	121	1	
Boloria_selene	ilBolSele5.2	DToL	GCA_905231865.2	Chromosomal	Lepidoptera	Papilionoidea	Nymphalidae	399917640	13620786	13.4	100	30	98.6	36	0.3	K. Lohse, D. Setter, Darwin Tree of Life Barcoding collective, Wellcome Sanger Institute Tree of Life programme, Wellcome Sanger Institute Scientific Operations: DNA Pipelines collective, Tree of Life Core Informatics collective, Darwin Tree of Life Consortium, The genome sequence of the small pearl-bordered fritillary butterfly, Boloria selene (Schiffermüller, 1775). Wellcome Open Res. 7, 76 (2022).
Bombyx_mori	Bmori_2016v1.0	INSDC	GCA_014905235.2	Chromosomal	Lepidoptera	Bombycoidea	Bombycidae	460334017	16796068	12.2	96.69	28	98.6	64	0.6	M. Kawamoto, A. Jouraku, A. Toyoda, K. Yokoi, Y. Minakuchi, S. Katsuma, A. Fujiyama, T. Kiuchi, K. Yamamoto, T. Shimada, High-quality genome assembly of the silkworm, Bombyx mori. Insect Biochem. Mol. Biol. 107, 53–62 (2019)
Brachylomia_viminalis	ilBraVimi1.1	DToL	GCA_937001585.1	Chromosomal	Lepidoptera	Noctuoidea	Noctuidae	781437518	26683488	20.6	99.86	31	98.9	76	0.7	
Brenthis_ino	SP_BI_364.v2_0	INSDC	GCA_921882275.1	Chromosomal	Lepidoptera	Papilionoidea	Nymphalidae	411873249	29515433	9.59	99.75	14	98.8	30	0.3	A. Mackintosh, D. R. Laetsch, T. Baril, R. G. Foster, V. Dincă, R. Vila, A. Hayward, K. Lohse, The genome sequence of the lesser marbled fritillary, Brenthis ino, and evidence for a segregating neo-Z chromosome. G3 . 12 (2022), doi:10.1093/g3journal/jkac069.
Calamotropha_paludella	ilCalPalu1.1	DToL	GCA_927399485.1	Chromosomal	Lepidoptera	Pyraloidea	Crambidae	742481776	26936083	23.9	99.86	30	98.7	57	0.5	D. Boyes, P. W. H. Holland, University of Oxford and Wytham Woods Genome Acquisition Lab, Darwin Tree of Life Barcoding collective, Wellcome Sanger Institute Tree of Life programme, Wellcome Sanger Institute Scientific Operations: DNA Pipelines collective, Tree of Life Core Informatics collective, Darwin Tree of Life Consortium, The genome sequence of the Bulrush Veneer, Calamotropha paludella (Hübner, 1824). Wellcome Open Res. 8, 168 (2023)
Campaea_margaritaria	ilCamMarg1.1	DToL	GCA_912999815.1	Chromosomal	Lepidoptera	Geometroidea	Geometridae	335226495	12093622	11.9	99.99	31	98.3	43	0.4	
Caradrina_clavipalpis	ilCarClav1.1	DToL	GCA_932526535.1	Chromosomal	Lepidoptera	Noctuoidea	Noctuidae	474197171	16821581	16.8	100	31	98.7	38	0.3	D. Boyes, University of Oxford and Wytham Woods Genome Acquisition Lab, Darwin Tree of Life Barcoding collective, Wellcome Sanger Institute Tree of Life programme, Wellcome Sanger Institute Scientific Operations: DNA Pipelines collective, Tree of Life Core Informatics collective, C. Boyes, Darwin Tree of Life Consortium, The genome sequence of the pale mottled willow, Caradrina clavipalpis (Scopoli, 1763). Wellcome Open Res. 7, 225 (2022).
Carcina_quercana	ilCarQuer1.2	DToL	GCA_910589575.2	Chromosomal	Lepidoptera	Gelechioidea	Depressariidae	408897582	15733321	13	99.96	30	97.9	86	0.7	D. Boyes, D. Lees, University of Oxford and Wytham Woods Genome Acquisition Lab, Darwin Tree of Life Barcoding collective, Wellcome Sanger Institute Tree of Life programme, Wellcome Sanger Institute Scientific Operations: DNA Pipelines collective, Tree of Life Core Informatics collective, Darwin Tree of Life Consortium, The genome sequence of the long-horned flat-body, Carcina quercana (Fabricius, 1775). Wellcome Open Res. 8, 16 (2023).
Carposina_sasakii	ASM1460749v2	INSDC	GCA_014607495.2	Chromosomal	Lepidoptera	Carposinoidea	Carposinidae	399040036	14388832	2.6	100	31	97.8	229	2.1	L.-J. Cao, W. Song, L. Yue, S.-K. Guo, J.-C. Chen, Y.-J. Gong, A. A. Hoffmann, S.-J. Wei, Chromosome-level genome of the peach fruit moth Carposina sasakii (Lepidoptera: Carposinidae) provides a resource for evolutionary studies on moths. Mol. Ecol. Resour. 21, 834–848 (2021).
Carterocephalus_palaemon	ilCarPala2.1	DToL	GCA_944567765.1	Chromosomal	Lepidoptera	Papilionoidea	Hesperiidae	394538208	13897380	13.1	99.77	31	98.4	62	0.5	
Catocala_fraxini	ilCatFrax1.1	DToL	GCA_930367265.1	Chromosomal	Lepidoptera	Noctuoidea	Erebidae	780602067	27836421	26.8	100	31	99	84	0.8	D. Boyes, P. W. H. Holland, University of Oxford and Wytham Woods Genome Acquisition Lab, Darwin Tree of Life Barcoding collective, Wellcome Sanger Institute Tree of Life programme, Wellcome Sanger Institute Scientific Operations: DNA Pipelines collective, Tree of Life Core Informatics collective, Darwin Tree of Life Consortium, The genome sequence of the Clifden nonpareil, Catocala fraxini (Linnaeus, 1758). Wellcome Open Res. 7, 129 (2022).
Celastrina_argiolus	ilCelArgi3.1	DToL	GCA_905187575.1	Chromosomal	Lepidoptera	Papilionoidea	Lycaenidae	499114119	20425925	7.71	99.99	25	97.2	66	0.5	A. Hayward, C. Wright, Darwin Tree of Life Barcoding collective, Wellcome Sanger Institute Tree of Life programme, Wellcome Sanger Institute Scientific Operations: DNA Pipelines collective, Tree of Life Core Informatics collective, Darwin Tree of Life Consortium, The genome sequence of the holly blue, Celastrina argiolus (Linnaeus, 1758). Wellcome Open Res. 6, 340 (2021).
Chloroclysta_siterata	ilChlSite2.1	DToL	GCA_932294275.1	Chromosomal	Lepidoptera	Geometroidea	Geometridae	437887824	24933739	20.6	99.97	20	98.2	50	0.4	D. Boyes, P. W. H. Holland, University of Oxford and Wytham Woods Genome Acquisition Lab, Darwin Tree of Life Barcoding collective, Wellcome Sanger Institute Tree of Life programme, Wellcome Sanger Institute Scientific Operations: DNA Pipelines collective, Tree of Life Core Informatics collective, Darwin Tree of Life Consortium, The genome sequence of the Red-green Carpet, Chloroclysta siterata (Hufnagel, 1767). Wellcome Open Res. 8, 206 (2023).
Chrysoteuchia_culmella	ilChrCulm1.1	DToL	GCA_910589605.1	Chromosomal	Lepidoptera	Pyraloidea	Crambidae	645226651	22805156	16.4	99.81	31	98.6	37	0.3	D. Boyes, University of Oxford and Wytham Woods Genome Acquisition Lab, Darwin Tree of Life Barcoding collective, Wellcome Sanger Institute Tree of Life programme, Wellcome Sanger Institute Scientific Operations: DNA Pipelines collective, Tree of Life Core Informatics collective, L. Parkerson, Darwin Tree of Life Consortium, The genome sequence of the garden grass-veneer, Chrysoteuchia culmella (Linnaeus, 1758). Wellcome Open Res. 7, 248 (2022).
Clostera_curtula	ilCloCurt1.2	DToL	GCA_905475355.2	Chromosomal	Lepidoptera	Noctuoidea	Notodontidae	512681271	18278162	6.77	100	29	98.5	48	0.4	
Colias_croceus	ilColCroc2.1	DToL	GCA_905220415.1	Chromosomal	Lepidoptera	Papilionoidea	Pieridae	324912214	11204669	10.7	100	31	99	43	0.3	S. Ebdon, A. Mackintosh, A. Hayward, K. Wotton, Darwin Tree of Life Barcoding collective, Wellcome Sanger Institute Tree of Life programme, Wellcome Sanger Institute Scientific Operations: DNA Pipelines collective, Tree of Life Core Informatics collective, Darwin Tree of Life Consortium, The genome sequence of the clouded yellow, Colias crocea (Geoffroy, 1785). Wellcome Open Res. 6, 284 (2021).
Cosmia_trapezina	ilCosTrap1.2	DToL	GCA_905163495.2	Chromosomal	Lepidoptera	Noctuoidea	Noctuidae	825187588	28022459	7.6	99.87	31	98.8	97	0.8	D. Boyes, C. Godfray, P. W. H. Holland, University of Oxford and Wytham Woods Genome Acquisition Lab, Darwin Tree of Life Barcoding collective, Wellcome Sanger Institute Tree of Life programme, Wellcome Sanger Institute Scientific Operations: DNA Pipelines collective, Tree of Life Core Informatics collective, Darwin Tree of Life Consortium, The genome sequence of the dun-bar pinion, Cosmia trapezina (Linnaeus, 1758). Wellcome Open Res. 7, 189 (2022).
Craniophora_ligustri	ilCraLigu1.1	DToL	GCA_905163465.1	Chromosomal	Lepidoptera	Noctuoidea	Noctuidae	437993611	15030495	12.2	100	31	98.9	47	0.4	D. Boyes, C. Boyes, University of Oxford and Wytham Woods Genome Acquisition Lab, Darwin Tree of Life Barcoding collective, Wellcome Sanger Institute Tree of Life programme, Wellcome Sanger Institute Scientific Operations: DNA Pipelines collective, Tree of Life Core Informatics collective, Darwin Tree of Life Consortium, The genome sequence of the Coronet, Craniophora ligustri (Denis and Schiffermüller, 1775). Wellcome Open Res. 8, 81 (2023).
Crocallis_elinguaria	ilCroElin1.1	DToL	GCA_907269065.1	Chromosomal	Lepidoptera	Geometroidea	Geometridae	430399360	28485152	28.5	99.91	16	98.4	63	0.5	
Cyaniris_semiargus	ilCyaSemi1.1	DToL	GCA_905187585.1	Chromosomal	Lepidoptera	Papilionoidea	Lycaenidae	441519306	19361588	16.3	99.99	24	97.2	41	0.3	K. Lohse, A. Hayward, D. R. Laetsch, V. Marques, R. Vila, C. Tyler-Smith, Wellcome Sanger Institute Tree of Life programme, Wellcome Sanger Institute Scientific Operations: DNA Pipelines collective, Tree of Life Core Informatics collective, Darwin Tree of Life Consortium, The genome sequence of the Mazarine Blue, Cyaniris semiargus (Rottemburg, 1775). Wellcome Open Res. 8, 181 (2023).
Cydia_splendana	ilCydSple1.1	DToL	GCA_910591565.1	Chromosomal	Lepidoptera	Tortricoidea	Tortricidae	630621894	22055301	6.5	99.02	28	97.8	71	0.6	
Danaus_plexippus_plexippus	Dplex_v4	INSDC	GCA_009731565.1	Chromosomal	Lepidoptera	Papilionoidea	Nymphalidae	248676414	9209872	0.11	98.6	30	98.2	30	0.3	L. Gu, P. F. Reilly, J. J. Lewis, R. D. Reed, P. Andolfatto, J. R. Walters, Dichotomy of Dosage Compensation along the Neo Z Chromosome of the Monarch Butterfly. Curr. Biol. 29, 4071–4077.e3 (2019).
Deilephila_porcellus	ilDeiPorc1.2	DToL	GCA_905220455.2	Chromosomal	Lepidoptera	Bombycoidea	Sphingidae	402071895	15067504	14.9	99.99	29	98.7	26	0.2	D. Boyes, University of Oxford and Wytham Woods Genome Acquisition Lab, Darwin Tree of Life Barcoding collective, Wellcome Sanger Institute Tree of Life programme, Wellcome Sanger Institute Scientific Operations: DNA Pipelines collective, Tree of Life Core Informatics collective, L. Sivess, Darwin Tree of Life Consortium, The genome sequence of the small elephant hawk moth, Deilephila porcellus (Linnaeus, 1758). Wellcome Open Res. 7, 80 (2022).
Dendrolimus_kikuchii	ASM1992509v1	INSDC	GCA_019925095.1	Chromosomal	Lepidoptera	Bombycoidea	Lasiocampidae	705515768	24734651	20.9	99.87	29	98	107	0.5	J. Zhou, P. Wu, Z. Xiong, N. Liu, N. Zhao, M. Ji, Y. Qiu, B. Yang, Chromosome-Level Genome Assembly Reveals Significant Gene Expansion in the Toll and IMD Signaling Pathways of Dendrolimus kikuchii. Front. Genet. 12, 728418 (2021).
Dendrolimus_punctatus	ASM1227379v1	INSDC	GCA_012273795.1	Chromosomal	Lepidoptera	Bombycoidea	Lasiocampidae	614070971	22146069	1.36	99.2	30	97.2	569	5.4	S. Zhang, S. Shen, J. Peng, X. Zhou, X. Kong, P. Ren, F. Liu, L. Han, S. Zhan, Y. Huang, A. Zhang, Z. Zhang, Chromosome-level genome assembly of an important pine defoliator, Dendrolimus punctatus (Lepidoptera; Lasiocampidae). Mol. Ecol. Resour. 20, 1023–1037 (2020).
Diachrysia_chrysitis	ilDiaChry1.1	DToL	GCA_932294365.1	Chromosomal	Lepidoptera	Noctuoidea	Noctuidae	386380003	13374257	13.3	99.89	31	99	28	0.2	D. Boyes, P. W. H. Holland, University of Oxford and Wytham Woods Genome Acquisition Lab, Darwin Tree of Life Barcoding collective, Wellcome Sanger Institute Tree of Life programme, Wellcome Sanger Institute Scientific Operations: DNA Pipelines collective, Tree of Life Core Informatics collective, Darwin Tree of Life Consortium, The genome sequence of the Burnished Brass, Diachrysia chrysitis (Linnaeus, 1758). Wellcome Open Res. 8, 82 (2023).
Diarsia_rubi	ilDiaRubi1.1	DToL	GCA_932274075.1	Chromosomal	Lepidoptera	Noctuoidea	Noctuidae	624929271	21075383	21.1	99.99	31	98.9	55	0.5	D. Boyes, P. W. H. Holland, University of Oxford and Wytham Woods Genome Acquisition Lab, Darwin Tree of Life Barcoding collective, Wellcome Sanger Institute Tree of Life programme, Wellcome Sanger Institute Scientific Operations: DNA Pipelines collective, Tree of Life Core Informatics collective, Darwin Tree of Life Consortium, The genome sequence of the Small Square-spot, Diarsia rubi (Vieweg, 1790). Wellcome Open Res. 8, 210 (2023).
Dryas_iulia_moderata	Diul.assembly.v1.1	INSDC	GCA_019049465.1	Chromosomal	Lepidoptera	Papilionoidea	Nymphalidae	440278161	15232626	4.05	98.46	31	97.8	64	0.6	J. J. Lewis, F. Cicconardi, S. H. Martin, R. D. Reed, C. G. Danko, S. H. Montgomery, The Dryas iulia Genome Supports Multiple Gains of a W Chromosome from a B Chromosome in Butterflies. Genome Biol. Evol. 13 (2021), doi:10.1093/gbe/evab128.
Dryobotodes_eremita	ilDryErem1.1	DToL	GCA_917490735.1	Chromosomal	Lepidoptera	Noctuoidea	Noctuidae	709806353	23327181	22.6	99.69	31	99	48	0.4	D. Boyes, P. W. H. Holland, University of Oxford and Wytham Woods Genome Acquisition Lab, Darwin Tree of Life Barcoding collective, Wellcome Sanger Institute Tree of Life programme, Wellcome Sanger Institute Scientific Operations: DNA Pipelines collective, Tree of Life Core Informatics collective, Darwin Tree of Life Consortium, The genome sequence of the Brindled Green, Dryobotodes eremita (Fabricius, 1775). Wellcome Open Res. 8, 208 (2023).
Ecliptopera_silaceata	ilEclSila1.1	DToL	GCA_932527185.1	Chromosomal	Lepidoptera	Geometroidea	Geometridae	316552688	11363788	11.1	99.8	29	98.3	47	0.4	D. Boyes, O. T. Lewis, University of Oxford and Wytham Woods Genome Acquisition Lab, Darwin Tree of Life Barcoding collective, Wellcome Sanger Institute Tree of Life programme, Wellcome Sanger Institute Scientific Operations: DNA Pipelines collective, Tree of Life Core Informatics collective, Darwin Tree of Life Consortium, The genome sequence of the Small Phoenix, Ecliptopera silaceata (Denis & Schiffermüller, 1775). Wellcome Open Res. 8, 209 (2023).
Ectropis_grisescens	ASM1756216v1	INSDC	GCA_017562165.1	Chromosomal	Lepidoptera	Geometroidea	Geometridae	784886525	26911257	3.11	98.03	31	97.2	342	3.1	Y. Pan, G. Fang, Z. Wang, Y. Cao, Y. Liu, G. Li, X. Liu, Q. Xiao, S. Zhan, Chromosome-level genome reference and genome editing of the tea geometrid. Mol. Ecol. Resour. 21, 2034–2049 (2021).
Eilema_depressum	ilEilDepe1.1	DToL	GCA_914767945.1	Chromosomal	Lepidoptera	Noctuoidea	Erebidae	622022279	22085244	21.7	100	30	98.7	113	0.9	
Eilema_sororcula	ilEilSoro1.1	DToL	GCA_914829495.1	Chromosomal	Lepidoptera	Noctuoidea	Erebidae	729417332	25298203	11.8	99.94	30	98.5	75	0.7	
Emmelina_monodactyla	ilEmmMono1.1	DToL	GCA_916618145.1	Chromosomal	Lepidoptera	Pterophoroidea	Pterophoridae	312410734	10389392	10.3	99.94	29	97.5	79	0.7	D. Boyes, B. Kerry, University of Oxford and Wytham Woods Genome Acquisition Lab, Wellcome Sanger Institute Tree of Life programme, Wellcome Sanger Institute Scientific Operations: DNA Pipelines collective, Tree of Life Core Informatics collective, Darwin Tree of Life Consortium, The genome sequence of the Common Plume moth, Emmelina monodactyla (Linnaeus, 1758). Wellcome Open Res. 8, 97 (2023).
Endotricha_flammealis	ilEndFlam1.2	DToL	GCA_905163395.2	Chromosomal	Lepidoptera	Pyraloidea	Pyralidae	473948990	16153102	3.02	99.92	31	98.7	72	0.6	
Ennomos_fuscantarius	ilEnnFusc2.2	DToL	GCA_905220475.2	Chromosomal	Lepidoptera	Geometroidea	Geometridae	444925538	15884173	15.5	99.95	31	98.4	47	0.4	
Ennomos_quercinarius	ilEnnQuei1.1	DToL	GCA_910589525.1	Chromosomal	Lepidoptera	Geometroidea	Geometridae	491884275	17369662	16.1	99.96	31	98.6	49	0.4	
Ephestia_elutella	Eelu-V1	INSDC	GCA_018467065.1	Chromosomal	Lepidoptera	Pyraloidea	Pyralidae	576941106	18994694	0.43	95.37	31	94.7	262	2.2	B. Yan, H. Ou, L. Wei, X. Wang, X. Yu, J. Liu, M. Yang, A Chromosome-Level Genome Assembly of Ephestia elutella (Hübner, 1796) (Lepidoptera: Pyralidae). Genome Biol. Evol. 13 (2021), doi:10.1093/gbe/evab114.
Epinotia_nisella	ilEpiNise2.1	DToL	GCA_932294315.1	Chromosomal	Lepidoptera	Tortricoidea	Tortricidae	585001234	21276924	21.2	99.92	28	98.3	75	0.6	
Erannis_defoliaria	ilEraDefo1.1	DToL	GCA_905404285.1	Chromosomal	Lepidoptera	Geometroidea	Geometridae	522369616	19179966	11.4	99.94	29	98.5	55	0.5	D. Boyes, T. Lewin, University of Oxford and Wytham Woods Genome Acquisition Lab, Darwin Tree of Life Barcoding collective, Wellcome Sanger Institute Tree of Life programme, Wellcome Sanger Institute Scientific Operations: DNA Pipelines collective, Tree of Life Core Informatics collective, Darwin Tree of Life Consortium, The genome sequence of the mottled umber, Erannis defoliaria (Clerk, 1759). Wellcome Open Res. 7, 208 (2022).
Erebia_aethiops	ilEreAeth2.2	DToL	GCA_923060345.2	Chromosomal	Lepidoptera	Papilionoidea	Nymphalidae	473469105	25856419	21.4	99.7	19	98.5	91	0.7	O. Lohse, K. Lohse, Wellcome Sanger Institute Tree of Life programme, Wellcome Sanger Institute Scientific Operations: DNA Pipelines collective, Tree of Life Core Informatics collective, H. Augustijnen, K. Lucek, Darwin Tree of Life Consortium, The genome sequence of the scotch argus butterfly, Erebia aethiops (Esper, 1777). Wellcome Open Res. 7, 217 (2022).
Erebia_ligea	ilEreLige1.2	DToL	GCA_917051295.2	Chromosomal	Lepidoptera	Papilionoidea	Nymphalidae	506397422	19149538	15	99.92	29	97.9	60	0.5	K. Lohse, A. Hayward, D. R. Laetsch, R. Vila, K. Lucek, Wellcome Sanger Institute Tree of Life programme, Wellcome Sanger Institute Scientific Operations: DNA Pipelines collective, Tree of Life Core Informatics collective, Darwin Tree of Life Consortium, The genome sequence of the Arran brown, Erebia ligea (Linnaeus, 1758). Wellcome Open Res. 7, 259 (2022).
Erynnis_tages	ilEryTage1.1	DToL	GCA_905147235.1	Chromosomal	Lepidoptera	Papilionoidea	Hesperiidae	329358918	11903105	8.01	99.93	31	98.4	34	0.3	
Euclidia_mi	ilEucMixx1.1	DToL	GCA_944739405.1	Chromosomal	Lepidoptera	Noctuoidea	Erebidae	2285329669	85892032	2.3	99.64	31	98.8	306	2.3	D. Boyes, P. W. H. Holland, University of Oxford and Wytham Woods Genome Acquisition Lab, Darwin Tree of Life Barcoding collective, Wellcome Sanger Institute Tree of Life programme, Wellcome Sanger Institute Scientific Operations: DNA Pipelines collective, Tree of Life Core Informatics collective, Darwin Tree of Life Consortium, The genome sequence of the Mother Shipton moth, Euclidia mi (Clerck, 1759). Wellcome Open Res. 8, 108 (2023).
Eueides_isabella	ASM1904947v1	INSDC	GCA_019049475.1	Chromosomal	Lepidoptera	Papilionoidea	Nymphalidae	440123586	14722350	2.12	98.84	31	98.5	163	1.5	F. Cicconardi, J. J. Lewis, S. H. Martin, R. D. Reed, C. G. Danko, S. H. Montgomery, Chromosome Fusion Affects Genetic Diversity and Evolutionary Turnover of Functional Loci but Consistently Depends on Chromosome Size. Mol. Biol. Evol. 38, 4449–4462 (2021).
Eulithis_prunata	ilEulPrun1.1	DToL	GCA_918843925.1	Chromosomal	Lepidoptera	Geometroidea	Geometridae	263147802	9415980	9.04	99.99	30	98.1	42	0.3	D. Boyes, P. W. H. Holland, University of Oxford and Wytham Woods Genome Acquisition Lab, Darwin Tree of Life Barcoding collective, Wellcome Sanger Institute Tree of Life programme, Wellcome Sanger Institute Scientific Operations: DNA Pipelines collective, Tree of Life Core Informatics collective, Darwin Tree of Life Consortium, The genome sequence of the Phoenix, Eulithis prunata (Linnaeus, 1758). Wellcome Open Res. 8, 185 (2023).
Eupithecia_abbreviata	ilEupAbbr2.1	DToL	GCA_943735965.1	Chromosomal	Lepidoptera	Geometroidea	Geometridae	383462667	13098345	13.1	99.4	31	97.9	89	0.6	D. Boyes, P. W. H. Holland, University of Oxford and Wytham Woods Genome Acquisition Lab, Darwin Tree of Life Barcoding collective, Wellcome Sanger Institute Tree of Life programme, Wellcome Sanger Institute Scientific Operations: DNA Pipelines collective, Tree of Life Core Informatics collective, Darwin Tree of Life Consortium, The genome sequence of the Brindled Pug, Eupithecia abbreviata (Stephens, 1831). Wellcome Open Res. 8, 140 (2023).
Eupithecia_centaureata	ilEupCent1.1	DToL	GCA_944547425.1	Chromosomal	Lepidoptera	Geometroidea	Geometridae	465593408	15011971	1.62	97.65	32	97.8	82	0.7	D. Boyes, S. Fagan, University of Oxford and Wytham Woods Genome Acquisition Lab, Darwin Tree of Life Barcoding collective, Wellcome Sanger Institute Tree of Life programme, Wellcome Sanger Institute Scientific Operations: DNA Pipelines collective, Tree of Life Core Informatics collective, Darwin Tree of Life Consortium, The genome sequence of the Lime-speck Pug, Eupithecia centaureata (Denis & Schiffermüller, 1775). Wellcome Open Res. 8, 132 (2023).
Euplexia_lucipara	ilEupLuci1.1	DToL	GCA_921972225.1	Chromosomal	Lepidoptera	Noctuoidea	Noctuidae	661825765	22669833	14.9	99.62	31	98.9	54	0.5	
Euproctis_similis	ilEupSimi1.2	DToL	GCA_905147225.2	Chromosomal	Lepidoptera	Noctuoidea	Erebidae	507648523	24449160	21.4	99.95	22	98.5	95	0.8	D. H. Boyes, P. W. H. Holland, University of Oxford and Wytham Woods Genome Acquisition Lab, Darwin Tree of Life Barcoding collective, Wellcome Sanger Institute Tree of Life programme, Wellcome Sanger Institute Scientific Operations: DNA Pipelines collective, Tree of Life Core Informatics collective, Darwin Tree of Life Consortium, The genome sequence of the yellow-tail moth, Euproctis similis (Fuessly, 1775). Wellcome Open Res. 6, 227 (2021).
Eupsilia_transversa	ilEupTran1.1	DToL	GCA_914767815.1	Chromosomal	Lepidoptera	Noctuoidea	Noctuidae	466922763	15778023	15.3	100	31	99.3	50	0.5	L. Crowley, D. Lees, F. Hutchinson, University of Oxford and Wytham Woods Genome Acquisition Lab, Natural History Museum Genome Acquisition Lab, Darwin Tree of Life Barcoding collective, Wellcome Sanger Institute Tree of Life programme, Wellcome Sanger Institute Scientific Operations: DNA Pipelines collective, Tree of Life Core Informatics collective, Darwin Tree of Life Consortium, The genome sequence of the satellite, Eupsilia transversa (Hufnagel, 1766). Wellcome Open Res. 7, 266 (2022).
Fabriciana_adippe	ilFabAdip1.1	DToL	GCA_905404265.1	Chromosomal	Lepidoptera	Papilionoidea	Nymphalidae	484826487	16739368	16	98.76	29	98.9	21	0.2	K. Lohse, A. Hayward, D. R. Laetsch, N. Wahlberg, Wellcome Sanger Institute Tree of Life programme, Wellcome Sanger Institute Scientific Operations: DNA Pipelines collective, Tree of Life Core Informatics collective, Darwin Tree of Life Consortium, The genome sequence of the high brown fritillary, Fabriciana adippe (Dennis & Schiffermüller, 1775). Wellcome Open Res. 7, 298 (2022).
Furcula_furcula	ilFurFurc1.1	DToL	GCA_911728495.1	Chromosomal	Lepidoptera	Noctuoidea	Notodontidae	736123039	27058741	24.9	99.98	29	98.9	56	0.5	D. Boyes, University of Oxford and Wytham Woods Genome Acquisition Lab, Darwin Tree of Life Barcoding collective, Wellcome Sanger Institute Tree of Life programme, Wellcome Sanger Institute Scientific Operations: DNA Pipelines collective, Tree of Life Core Informatics collective, B. Parker, D. Plotkin, A. Y. Kawahara, Darwin Tree of Life Consortium, The genome sequence of the sallow kitten, Furcula furcula (Clerck, 1759). Wellcome Open Res. 7, 229 (2022).
Glaucopsyche_alexis	ilGlaAlex1.1	DToL	GCA_905404095.1	Chromosomal	Lepidoptera	Papilionoidea	Lycaenidae	619543730	26518193	7.6	99.88	23	97.1	63	0.4	J. C. Hinojosa Galisteo, R. Vila, Darwin Tree of Life Barcoding collective, Wellcome Sanger Institute Tree of Life programme, Wellcome Sanger Institute Scientific Operations: DNA Pipelines collective, Tree of Life Core Informatics collective, Darwin Tree of Life Consortium, The genome sequence of the green-underside blue, Glaucopsyche alexis (Poda, 1761). Wellcome Open Res. 6, 274 (2021).
Grapholita_molesta	ASM2267432v1	INSDC	GCA_022674325.1	Chromosomal	Lepidoptera	Tortricoidea	Tortricidae	517710462	19501898	1.49	100	28	96.7	259	2.3	L.-J. Cao, W. Song, J.-C. Chen, X.-L. Fan, A. A. Hoffmann, S.-J. Wei, Population genomic signatures of the oriental fruit moth related to the Pleistocene climates. Commun Biol. 5, 142 (2022).
Griposia_aprilina	ilGriApri1.1	DToL	GCA_916610205.1	Chromosomal	Lepidoptera	Noctuoidea	Noctuidae	720426900	24562086	18.6	99.97	31	99	64	0.6	D. Boyes, University of Oxford and Wytham Woods Genome Acquisition Lab, Darwin Tree of Life Barcoding collective, Wellcome Sanger Institute Tree of Life programme, Wellcome Sanger Institute Scientific Operations: DNA Pipelines collective, Tree of Life Core Informatics collective, D. Lees, Darwin Tree of Life Consortium, The genome sequence of the merveille du jour, Griposia aprilina (Linnaeus, 1758). Wellcome Open Res. 7, 247 (2022).
Gymnoscelis_rufifasciata	ilGymRufi1.1	DToL	GCA_929108375.1	Chromosomal	Lepidoptera	Geometroidea	Geometridae	462009964	15602950	15.6	99.73	31	98.2	65	0.5	D. Boyes, T. Lewin, University of Oxford and Wytham Woods Genome Acquisition Lab, Darwin Tree of Life Barcoding collective, Wellcome Sanger Institute Tree of Life programme, Wellcome Sanger Institute Scientific Operations: DNA Pipelines collective, Tree of Life Core Informatics collective, Darwin Tree of Life Consortium, The genome sequence of the double-striped pug, Gymnoscelis rufifasciata (Haworth, 1809). Wellcome Open Res. 7, 135 (2022).
Habrosyne_pyritoides	ilHabPyri1.1	DToL	GCA_907165245.1	Chromosomal	Lepidoptera	Drepanoidea	Drepanidae	400568986	14121114	14.1	100	31	98.9	37	0.3	
Hecatera_dysodea	ilHecDyso1.2	DToL	GCA_905332915.2	Chromosomal	Lepidoptera	Noctuoidea	Noctuidae	640911623	21896367	18	99.94	31	99	66	0.6	G. R. Broad, Natural History Museum Genome Acquisition Lab Genome Acquisition Lab, Darwin Tree of Life Barcoding collective, Wellcome Sanger Institute Tree of Life programme, Wellcome Sanger Institute Scientific Operations: DNA Pipelines collective, Tree of Life Core Informatics collective, Darwin Tree of Life Consortium, The genome sequence of the Small Ranunculus, Hecatera dysodea (Denis & Schiffermüller, 1775)[version 1; peer review: awaiting peer review]. 8, 101.
Hedya_salicella	ilHedSali1.2	DToL	GCA_905404275.2	Chromosomal	Lepidoptera	Tortricoidea	Tortricidae	742325546	27275373	25.6	99.88	25	98.2	42	0.3	D. Boyes, Z. Goate, University of Oxford and Wytham Woods Genome Acquisition Lab, Darwin Tree of Life Barcoding collective, Wellcome Sanger Institute Tree of Life programme, Wellcome Sanger Institute Scientific Operations: DNA Pipelines collective, Tree of Life Core Informatics collective, Darwin Tree of Life Consortium, The genome sequence of the White-backed Marble, Hedya salicella (Linnaeus, 1758). Wellcome Open Res. 8, 219 (2023).
Heliconius_sara	iHelSar1.2	DToL	GCA_917862395.2	Chromosomal	Lepidoptera	Papilionoidea	Nymphalidae	348895802	17766578	8.21	98.08	21	98.4	23	0.2	N. Rueda-M, C. D. Jiggins, C. Pardo-Diaz, G. Montejo-Kovacevich, W. Owen McMillan, S. McCarthy, J. Ready, K. M. Kozak, C. F. Arias, R. Durbin, J. I. Meier, C. Salazar, Three sequential sex chromosome – autosome fusions in Heliconius butterflies. bioRxiv (2023), p. 2023.03.06.531374.
Helicoverpa_zea	ilHelZeax1.1	INSDC	GCA_022581195.1	Chromosomal	Lepidoptera	Noctuoidea	Noctuidae	375180944	12841304	12.9	99.81	31	98.9	35	0.3	A. R. Stahlke, J. Chang, L. R. Tembrock, S. B. Sim, S. Chudalayandi, S. M. Geib, B. E. Scheffler, O. P. Perera, T. M. Gilligan, A. K. Childers, K. J. Hackett, B. S. Coates, A Chromosome-Scale Genome Assembly of a Helicoverpa zea Strain Resistant to Bacillus thuringiensis Cry1Ac Insecticidal Protein. Genome Biol. Evol. 15 (2023), doi:10.1093/gbe/evac131.
Hemaris_fuciformis	iHemFuc1.1	DToL	GCA_907164795.1	Chromosomal	Lepidoptera	Bombycoidea	Sphingidae	448853392	16553285	10.7	99.97	29	98.6	26	0.2	
Hesperia_comma	ilHesComm1.1	DToL	GCA_905404135.1	Chromosomal	Lepidoptera	Papilionoidea	Hesperiidae	525353014	18810678	10.3	99.96	28	98.4	77	0.7	
Hestina_assimilis	ASM2337388v1	INSDC	GCA_023373885.1	Chromosomal	Lepidoptera	Papilionoidea	Nymphalidae	423874072	15837138	14.3	99.97	30	98.3	53	0.5	L. Zhao, X.-D. Li, T. Jiang, H. Wang, Z. Dan, S.-Q. Xu, D.-L. Guan, The Chromosome-Level Genome of Hestina assimilis (Lepidoptera: Nymphalidae) Reveals the Evolution of Saprophagy-Related Genes in Brush-Footed Butterflies. Int. J. Mol. Sci. 24 (2023), doi:10.3390/ijms24032087.
Hipparchia_semele	ilHipSeme1.1	DToL	GCA_933228805.1	Chromosomal	Lepidoptera	Papilionoidea	Nymphalidae	403422600	14619000	14.5	99.69	29	98.6	57	0.5	
Hydraecia_micacea	ilHydMica1.1	DToL	GCA_914767645.1	Chromosomal	Lepidoptera	Noctuoidea	Noctuidae	562441436	18862954	18.8	99.98	31	99.1	54	0.5	D. Boyes, R. Turner, University of Oxford and Wytham Woods Genome Acquisition Lab, Darwin Tree of Life Barcoding collective, Wellcome Sanger Institute Tree of Life programme, Wellcome Sanger Institute Scientific Operations: DNA Pipelines collective, Tree of Life Core Informatics collective, Darwin Tree of Life Consortium, The genome sequence of the rosy rustic, Hydraecia micacea (Esper, 1789). Wellcome Open Res. 7, 131 (2022).
Hydriomena_furcata	ilHydFurc1.1	DToL	GCA_912999785.1	Chromosomal	Lepidoptera	Geometroidea	Geometridae	423317948	16092901	13.9	99.92	28	98.3	66	0.5	
Hylaea_fasciaria	ilHylFasc1.1	DToL	GCA_905147375.1	Chromosomal	Lepidoptera	Geometroidea	Geometridae	327936668	11686647	11.1	99.96	31	98.4	60	0.5	
Hyles_euphorbiae	ilHylEuph1_pri	INSDC	GCA_023078785.1	Chromosomal	Lepidoptera	Bombycoidea	Sphingidae	504323440	18182747	2.76	99.86	29	98.2	38	0.3	A. K. Hundsdoerfer, T. Schell, F. Patzold, C. J. Wright, A. Yoshido, F. Marec, H. Daneck, S. Winkler, C. Greve, L. Podsiadlowski, M. Hiller, M. Pippel, High-quality haploid genomes corroborate 29 chromosomes and highly conserved synteny of genes in Hyles hawkmoths (Lepidoptera: Sphingidae). bioRxiv (2023), p. 2022.04.08.487644.
Hyles_vespertilio	myriam-sen2290-mb-hirise-a4l1o_03-26-2021	INSDC	GCA_009982885.2	Chromosomal	Lepidoptera	Bombycoidea	Sphingidae	651427907	22136963	7.26	95.29	29	98.2	231	2.2	M. Pippel, D. Jebb, F. Patzold, S. Winkler, H. Vogel, G. Myers, M. Hiller, A. K. Hundsdoerfer, A highly contiguous genome assembly of the bat hawkmoth Hyles vespertilio (Lepidoptera: Sphingidae). Gigascience. 9 (2020), doi:10.1093/gigascience/giaa001.
Hypena_proboscidalis	ilHypProb1.1	DToL	GCA_905147285.1	Chromosomal	Lepidoptera	Noctuoidea	Erebidae	636786269	21969129	18.8	99.71	31	98.8	85	0.8	D. Boyes, P. W. H. Holland, University of Oxford and Wytham Woods Genome Acquisition Lab, Darwin Tree of Life Barcoding collective, Wellcome Sanger Institute Tree of Life programme, Wellcome Sanger Institute Scientific Operations: DNA Pipelines collective, Tree of Life Core Informatics collective, Darwin Tree of Life Consortium, The genome sequence of the snout, Hypena proboscidalis (Linnaeus, 1758). Wellcome Open Res. 6, 236 (2021).
Hypsopygia_costalis	ilHypCost1.1	DToL	GCA_937001555.1	Chromosomal	Lepidoptera	Pyraloidea	Pyralidae	816870447	28834930	20.6	99.94	31	98.7	73	0.6	D. Boyes, J. Hammond, University of Oxford and Wytham Woods Genome Acquisition Lab, Wellcome Sanger Institute Tree of Life programme, Wellcome Sanger Institute Scientific Operations: DNA Pipelines collective, Tree of Life Core Informatics collective, Darwin Tree of Life Consortium, The genome sequence of the Gold Triangle, Hypsopygia costalis (Fabricius, 1775). Wellcome Open Res. 8, 15 (2023).
Idaea_aversata	ilIdaAver1.1	DToL	GCA_907269075.1	Chromosomal	Lepidoptera	Geometroidea	Geometridae	436730885	15151489	14.9	100	30	98.4	45	0.4	D. Boyes, J. F. Mulley, University of Oxford and Wytham Woods Genome Acquisition Lab, Darwin Tree of Life Barcoding collective, Wellcome Sanger Institute Tree of Life programme, Wellcome Sanger Institute Scientific Operations: DNA Pipelines collective, Tree of Life Core Informatics collective, Darwin Tree of Life Consortium, The genome sequence of the Riband Wave, Idaea aversata (Linnaeus, 1758). Wellcome Open Res. 8, 45 (2023).
Inachis_io	ilAglIoxx1.1	DToL	GCA_905147045.1	Chromosomal	Lepidoptera	Papilionoidea	Nymphalidae	384172283	13340570	12.9	99.91	31	98.8	32	0.3	K. Lohse, A. Mackintosh, R. Vila, Darwin Tree of Life Barcoding collective, Wellcome Sanger Institute Tree of Life programme, Wellcome Sanger Institute Scientific Operations: DNA Pipelines collective, Tree of Life Core Informatics collective, Darwin Tree of Life Consortium, The genome sequence of the European peacock butterfly, Aglais io (Linnaeus, 1758). Wellcome Open Res. 6, 258 (2021).
Iphiclides_podalirius	IP_504.v2_0	INSDC	GCA_933534255.1	Chromosomal	Lepidoptera	Papilionoidea	Papilionidae	430729501	15090856	5.18	99.51	30	96.7	22	0.2	A. Mackintosh, D. R. Laetsch, T. Baril, S. Ebdon, P. Jay, R. Vila, A. Hayward, K. Lohse, The genome sequence of the scarce swallowtail, Iphiclides podalirius. G3 . 12 (2022), doi:10.1093/g3journal/jkac193.
Laothoe_populi	ilLaoPopu1.1	DToL	GCA_905220505.1	Chromosomal	Lepidoptera	Bombycoidea	Sphingidae	576402658	21125926	6.97	99.98	28	98.9	48	0.4	D. Boyes, P. W. H. Holland, University of Oxford and Wytham Woods Genome Acquisition Lab, Darwin Tree of Life Barcoding collective, Wellcome Sanger Institute Tree of Life programme, Wellcome Sanger Institute Scientific Operations: DNA Pipelines collective, Tree of Life Core Informatics collective, Darwin Tree of Life Consortium, The genome sequence of the poplar hawk-moth, Laothoe populi (Linnaeus, 1758). Wellcome Open Res. 6, 237 (2021).
Lasiommata_megera	ilLasMege1.1	DToL	GCA_928268935.1	Chromosomal	Lepidoptera	Papilionoidea	Nymphalidae	488457974	17836388	17.8	99.84	29	98.6	47	0.4	K. Lohse, Wellcome Sanger Institute Tree of Life programme, Wellcome Sanger Institute Scientific Operations: DNA Pipelines collective, Tree of Life Core Informatics collective, C. Wright, Darwin Tree of Life Consortium, The genome sequence of the wall brown, Lasiommata megera (Linnaeus, 1767). Wellcome Open Res. 7, 230 (2022).
Laspeyria_flexula	ilLasFlex1.1	DToL	GCA_905147015.1	Chromosomal	Lepidoptera	Noctuoidea	Erebidae	450897266	16004308	12.2	99.94	31	98.7	47	0.4	
Leguminivora_glycinivorella	LegGlyc_1.1	INSDC	GCA_023078275.1	Chromosomal	Lepidoptera	Tortricoidea	Tortricidae	657423512	25267037	4.16	99.94	28	92.9	142	1.2	
Leptidea_sinapis	ilLepSina1.1	DToL	GCA_905404315.1	Chromosomal	Lepidoptera	Papilionoidea	Pieridae	685599024	14447461	14	99.99	48	98.3	89	0.7	K. Lohse, L. Höök, K. Näsvall, N. Backström, Wellcome Sanger Institute Tree of Life programme, Wellcome Sanger Institute Scientific Operations: DNA Pipelines collective, Tree of Life Core Informatics collective, Darwin Tree of Life Consortium, The genome sequence of the wood white butterfly, Leptidea sinapis (Linnaeus, 1758). Wellcome Open Res. 7, 254 (2022).
Limenitis_camilla	ilLimCami1.1	DToL	GCA_905147385.1	Chromosomal	Lepidoptera	Papilionoidea	Nymphalidae	435112716	15214206	12	99.44	30	98.7	40	0.3	R. Vila, K. Lohse, A. Hayward, D. R. Laetsch, N. Wahlberg, Wellcome Sanger Institute Tree of Life programme, Wellcome Sanger Institute Scientific Operations: DNA Pipelines collective, Tree of Life Core Informatics collective, Darwin Tree of Life Consortium, The genome sequence of the white admiral, Limenitis camilla (Linnaeus, 1764). Wellcome Open Res. 7, 301 (2022).
Lobophora_halterata	ilLobHalt1.1	DToL	GCA_932526365.1	Chromosomal	Lepidoptera	Geometroidea	Geometridae	314876238	10931577	10.9	99.98	31	98.4	44	0.4	D. Boyes, University of Oxford and Wytham Woods Genome Acquisition Lab, Darwin Tree of Life Barcoding collective, Wellcome Sanger Institute Tree of Life programme, Wellcome Sanger Institute Scientific Operations: DNA Pipelines collective, Tree of Life Core Informatics collective, P. W. H. Holland, Darwin Tree of Life Consortium, The genome sequence of the Seraphim, Lobophora halterata (Hufnagel, 1767). Wellcome Open Res. 7, 313 (2022).
Luperina_testacea	ilLupTest1.1	DToL	GCA_927399505.1	Chromosomal	Lepidoptera	Noctuoidea	Noctuidae	601512407	21613865	17.1	99.99	31	99	48	0.4	G. R. Broad, Natural History Museum Genome Acquisition Lab, Darwin Tree of Life Barcoding collective, Wellcome Sanger Institute Tree of Life programme, Wellcome Sanger Institute Scientific Operations: DNA Pipelines collective, Tree of Life Core Informatics collective, Darwin Tree of Life Consortium, The genome sequence of the flounced rustic, Luperina testacea (Denis & Schiffermüller, 1775). Wellcome Open Res. 7, 127 (2022).
Lycaena_phlaeas	ilLycPhla1.2	DToL	GCA_905333005.2	Chromosomal	Lepidoptera	Papilionoidea	Lycaenidae	420484551	18312151	18.1	100	24	98.3	37	0.3	K. Lohse, D. R. Laetsch, R. Vila, Darwin Tree of Life Barcoding collective, Wellcome Sanger Institute Tree of Life programme, Wellcome Sanger Institute Scientific Operations: DNA Pipelines collective, Tree of Life Core Informatics collective, Darwin Tree of Life Consortium, The genome sequence of the small copper, Lycaena phlaeas (Linnaeus, 1760). Wellcome Open Res. 6, 294 (2021).
Lymantria_monacha	ilLymMona1.2	DToL	GCA_905163515.2	Chromosomal	Lepidoptera	Noctuoidea	Erebidae	915668749	33870686	33.5	99.99	28	98.8	73	0.6	D. Boyes, D. Phillips, University of Oxford and Wytham Woods Genome Acquisition Lab, Darwin Tree of Life Barcoding collective, Wellcome Sanger Institute Tree of Life programme, Wellcome Sanger Institute Scientific Operations: DNA Pipelines collective, Tree of Life Core Informatics collective, Darwin Tree of Life Consortium, The genome sequence of the black arches, Lymantria monacha (Linnaeus, 1758). Wellcome Open Res. 7, 128 (2022).
Lysandra_bellargus	ilLysBell1.1	DToL	GCA_905333045.1	Chromosomal	Lepidoptera	Papilionoidea	Lycaenidae	528933758	11205580	2.88	99.46	45	97.3	65	0.5	K. Lohse, A. Hayward, R. Vila, C. Howe, Wellcome Sanger Institute Tree of Life programme, Wellcome Sanger Institute Scientific Operations: DNA Pipelines collective, Tree of Life Core Informatics collective, Darwin Tree of Life Consortium, The genome sequence of the Adonis blue, Lysandra bellargus (Rottemburg, 1775). Wellcome Open Res. 7, 255 (2022).
Lysandra_coridon	ilLysCori1.1	DToL	GCA_905220515.1	Chromosomal	Lepidoptera	Papilionoidea	Lycaenidae	540734767	5931830	2	99.92	90	97.1	83	0.6	R. Vila, K. Lohse, A. Hayward, D. R. Laetsch, C. Wright, Wellcome Sanger Institute Tree of Life programme, Wellcome Sanger Institute Scientific Operations: DNA Pipelines collective, Tree of Life Core Informatics collective, Darwin Tree of Life Consortium, The genome sequence of the Chalkhill Blue, Lysandra coridon (Poda, 1761). Wellcome Open Res. 8, 162 (2023).
Macaria_notata	ilMacNota1.1	DToL	GCA_927399415.1	Chromosomal	Lepidoptera	Geometroidea	Geometridae	393787475	13783192	13.8	99.98	29	98.5	125	1	D. Boyes, C. Couch, D. Plotkin, A. Y. Kawahara, University of Oxford and Wytham Woods Genome Acquisition Lab, Darwin Tree of Life Barcoding collective, Wellcome Sanger Institute Tree of Life programme, Wellcome Sanger Institute Scientific Operations: DNA Pipelines collective, Tree of Life Core Informatics collective, Darwin Tree of Life Consortium, The genome sequence of the peacock moth, Macaria notata (Linnaeus, 1758). Wellcome Open Res. 7, 228 (2022).
Mamestra_brassicae	ilMamBras1.1	DToL	GCA_905163435.1	Chromosomal	Lepidoptera	Noctuoidea	Noctuidae	576184143	19384296	17.8	99.88	31	98.9	58	0.5	
Manduca_sexta	JHU_Msex_v1.0	INSDC	GCA_014839805.1	Chromosomal	Lepidoptera	Bombycoidea	Sphingidae	470021481	14248853	0.43	87.06	28	98.3	666	5.8	A. Gershman, T. G. Romer, Y. Fan, R. Razaghi, W. A. Smith, W. Timp, De novo genome assembly of the tobacco hornworm moth (Manduca sexta). G3 . 11 (2021), doi:10.1093/g3journal/jkaa047.
Maniola_jurtina	ilManJurt1.1	DToL	GCA_905333055.1	Chromosomal	Lepidoptera	Papilionoidea	Nymphalidae	402054102	15090120	13.3	99.99	29	98.3	80	0.6	K. Lohse, J. Weir, Darwin Tree of Life Barcoding collective, Wellcome Sanger Institute Tree of Life programme, Wellcome Sanger Institute Scientific Operations: DNA Pipelines collective, Tree of Life Core Informatics collective, Darwin Tree of Life Consortium, The genome sequence of the meadow brown, Maniola jurtina (Linnaeus, 1758). Wellcome Open Res. 6, 296 (2021).
Marasmarcha_lunaedactyla	ilMarLuna1.1	DToL	GCA_923062675.1	Chromosomal	Lepidoptera	Pterophoroidea	Pterophoridae	771099907	27090851	25.5	99.94	30	97.6	99	0.9	
Marasmia_exigua	ASM1905959v1	INSDC	GCA_019059595.1	Chromosomal	Lepidoptera	Pyraloidea	Crambidae	797606974	25557254	2.49	93.33	31	97.4	61	0.6	
Meganola_albula	ilMegAlbu1.1	DToL	GCA_936450015.1	Chromosomal	Lepidoptera	Noctuoidea	Nolidae	405261716	14254146	13.3	99.95	30	98.4	44	0.4	D. Boyes, I. Sims, D. Lees, A. Dove, University of Oxford and Wytham Woods Genome Acquisition Lab, Natural History Museum Genome Acquisition Lab, Darwin Tree of Life Barcoding collective, Wellcome Sanger Institute Tree of Life programme, Wellcome Sanger Institute Scientific Operations: DNA Pipelines collective, Tree of Life Core Informatics collective, Darwin Tree of Life Consortium, The genome sequence of the Kent black arches, Meganola albula (Denis & Schiffermüller, 1775). Wellcome Open Res. 7, 310 (2022).
Melanargia_galathea	ilMelGala2.1	DToL	GCA_920104075.1	Chromosomal	Lepidoptera	Papilionoidea	Nymphalidae	606376002	25507680	9.25	99.74	24	98.3	74	0.5	R. Vila, K. Lohse, A. Hayward, D. Laetsch, Natural History Museum Genome Acquisition Lab, Darwin Tree of Life Barcoding collective, Wellcome Sanger Institute Tree of Life programme, Wellcome Sanger Institute Scientific Operations: DNA Pipelines collective, Tree of Life Core Informatics collective, Darwin Tree of Life Consortium, The genome sequence of the marbled white butterfly, Melanargia galathea (Linnaeus, 1758). Wellcome Open Res. 7, 123 (2022).
Melinaea_marsaeus_rileyi	ilMelMars1.1	DToL	GCA_918358865.1	Chromosomal	Lepidoptera	Papilionoidea	Nymphalidae	503506822	40333000	34.6	99.93	14	97.5	72	0.6	
Melinaea_menophilus	ilMelMeno1.1	DToL	GCA_918358695.1	Chromosomal	Lepidoptera	Papilionoidea	Nymphalidae	496059382	23164123	17.4	99.92	21	98.8	63	0.6	
Melitaea_cinxia	ilMelCinx1.1	DToL	GCA_905220565.1	Chromosomal	Lepidoptera	Papilionoidea	Nymphalidae	499413036	17325599	7.98	100	31	98.5	41	0.4	R. Vila, A. Hayward, K. Lohse, C. Wright, Darwin Tree of Life Barcoding collective, Wellcome Sanger Institute Tree of Life programme, Wellcome Sanger Institute Scientific Operations: DNA Pipelines collective, Tree of Life Core Informatics collective, Darwin Tree of Life Consortium, The genome sequence of the Glanville fritillary, Melitaea cinxia (Linnaeus, 1758). Wellcome Open Res. 6, 266 (2021).
Mellicta_athalia	ilMelAtha1.2	DToL	GCA_905220545.2	Chromosomal	Lepidoptera	Papilionoidea	Nymphalidae	609564786	20295254	9.81	99.85	31	98.6	89	0.7	A. Hayward, R. Vila, D. R. Laetsch, K. Lohse, T. Baril, Darwin Tree of Life Barcoding collective, Wellcome Sanger Institute Tree of Life programme, Wellcome Sanger Institute Scientific Operations: DNA Pipelines collective, Tree of Life Core Informatics collective, Darwin Tree of Life Consortium, The genome sequence of the heath fritillary, Melitaea athalia (Rottemburg, 1775). Wellcome Open Res. 6, 304 (2021).
Mesoligia_furuncula	ilMesFuru1.1	DToL	GCA_916614155.1	Chromosomal	Lepidoptera	Noctuoidea	Noctuidae	889627388	30263258	4.7	99.65	31	98.9	62	0.5	
Micropterix_aruncella	ilMicArun2.1	DToL	GCA_944548615.1	Chromosomal	Lepidoptera	Micropterigoidea	Micropterigidae	1079211800	35295981	0.54	96.49	30	75.8	191	1.4	P. W. H. Holland, J. Hammond, A. S. Holland, University of Oxford and Wytham Woods Genome Acquisition Lab, Darwin Tree of Life Barcoding collective, Wellcome Sanger Institute Tree of Life programme, Wellcome Sanger Institute Scientific Operations: DNA Pipelines collective, Tree of Life Core Informatics collective, Darwin Tree of Life Consortium, The genome sequence of the White-barred Gold, Micropterix aruncella (Scopoli, 1763). Wellcome Open Res. 8, 1 (2023).
Miltochrista_miniata	ilMilMini2.1	DToL	GCA_933228765.1	Chromosomal	Lepidoptera	Noctuoidea	Erebidae	1057002560	37487092	16.5	99.52	31	98.8	111	0.9	
Mimas_tiliae	ilMimTili1.1	DToL	GCA_905332985.1	Chromosomal	Lepidoptera	Bombycoidea	Sphingidae	477981037	17899878	17.8	100	29	98.8	44	0.3	D. Boyes, P. W. H. Holland, University of Oxford and Wytham Woods Genome Acquisition Lab, Darwin Tree of Life Barcoding collective, Wellcome Sanger Institute Tree of Life programme, Wellcome Sanger Institute Scientific Operations: DNA Pipelines collective, Tree of Life Core Informatics collective, Darwin Tree of Life Consortium, The genome sequence of the lime hawk-moth, Mimas tiliae (Linnaeus, 1758). Wellcome Open Res. 6, 357 (2021).
Mythimna_albipuncta	ilMytAlbi1.1	DToL	GCA_929112965.1	Chromosomal	Lepidoptera	Noctuoidea	Noctuidae	698566279	23908972	23.7	99.99	31	99.1	51	0.5	
Mythimna_ferrago	ilMytFerr1.2	DToL	GCA_910589285.2	Chromosomal	Lepidoptera	Noctuoidea	Noctuidae	860988366	27874102	27.2	99.97	31	98.9	87	0.8	D. Boyes, University of Oxford and Wytham Woods Genome Acquisition Lab, Darwin Tree of Life Barcoding collective, Wellcome Sanger Institute Tree of Life programme, Wellcome Sanger Institute Scientific Operations: DNA Pipelines collective, Tree of Life Core Informatics collective, M. Gibbs, Darwin Tree of Life Consortium, The genome sequence of the clay, Mythimna ferrago (Fabricius, 1787). Wellcome Open Res. 7, 177 (2022).
Mythimna_impura	ilMytImpu1.2	DToL	GCA_905147345.2	Chromosomal	Lepidoptera	Noctuoidea	Noctuidae	949131758	30601083	23.3	99.64	31	98.9	99	0.8	D. Boyes, M. Gibbs, University of Oxford and Wytham Woods Genome Acquisition Lab, Darwin Tree of Life Barcoding collective, Wellcome Sanger Institute Tree of Life programme, Wellcome Sanger Institute Scientific Operations: DNA Pipelines collective, Tree of Life Core Informatics collective, Darwin Tree of Life Consortium, The genome sequence of the smoky wainscot, Mythimna impura (Hubner, 1808). Wellcome Open Res. 7, 226 (2022).
Mythimna_separata	ASM2088227v1	INSDC	GCA_020882275.1	Chromosomal	Lepidoptera	Noctuoidea	Noctuidae	700250022	23001230	3.4	99.81	31	98.8	76	0.7	D. Tong, L. Zhang, N. Wu, D. Xie, G. Fang, B. S. Coates, T. W. Sappington, Y. Liu, Y. Cheng, J. Xia, X. Jiang, S. Zhan, The oriental armyworm genome yields insights into the long-distance migration of noctuid moths. Cell Rep. 41, 111843 (2022).
Noctua_fimbriata	ilNocFimb1.1	DToL	GCA_905163415.1	Chromosomal	Lepidoptera	Noctuoidea	Noctuidae	573955380	18977511	4.38	99.82	31	99	74	0.6	P. W. H. Holland, University of Oxford and Wytham Woods Genome Acquisition Lab, Darwin Tree of Life Barcoding collective, Wellcome Sanger Institute Tree of Life programme, Wellcome Sanger Institute Scientific Operations: DNA Pipelines collective, Tree of Life Core Informatics collective, Darwin Tree of Life Consortium, The genome sequence of the broad-bordered yellow underwing, Noctua fimbriata (Schreber, 1759). Wellcome Open Res. 6, 345 (2021).
Noctua_janthe	ilNocJant1.1	DToL	GCA_910589295.1	Chromosomal	Lepidoptera	Noctuoidea	Noctuidae	532786062	18438343	18.4	99.99	31	98.8	59	0.5	D. Boyes, P. W. H. Holland, University of Oxford and Wytham Woods Genome Acquisition Lab, Darwin Tree of Life Barcoding collective, Wellcome Sanger Institute Tree of Life programme, Wellcome Sanger Institute Scientific Operations: DNA Pipelines collective, Tree of Life Core Informatics collective, Darwin Tree of Life Consortium, The genome sequence of the Lesser Broad-bordered Yellow Underwing, Noctua janthe (Borkhausen, 1792). Wellcome Open Res. 8, 189 (2023).
Noctua_pronuba	ilNocPron1.1	DToL	GCA_905220335.1	Chromosomal	Lepidoptera	Noctuoidea	Noctuidae	529194529	17891575	16.2	99.89	31	98.8	65	0.5	D. Boyes, P. W. H. Holland, University of Oxford and Wytham Woods Genome Acquisition Lab, Darwin Tree of Life Barcoding collective, Wellcome Sanger Institute Tree of Life programme, Wellcome Sanger Institute Scientific Operations: DNA Pipelines collective, Tree of Life Core Informatics collective, Darwin Tree of Life Consortium, The genome sequence of the large yellow underwing, Noctua pronuba (Linnaeus, 1758). Wellcome Open Res. 7, 119 (2022).
Notocelia_uddmanniana	ilNotUddm1.1	DToL	GCA_905163555.1	Chromosomal	Lepidoptera	Tortricoidea	Tortricidae	794123667	28990537	6.7	99.87	28	98.3	80	0.7	D. Boyes, P. W. H. Holland, University of Oxford and Wytham Woods Genome Acquisition Lab, Darwin Tree of Life Barcoding collective, Wellcome Sanger Institute Tree of Life programme, Wellcome Sanger Institute Scientific Operations: DNA Pipelines collective, Tree of Life Core Informatics collective, Darwin Tree of Life Consortium, The genome sequence of the bramble shoot moth, Notocelia uddmanniana (Linnaeus, 1758). Wellcome Open Res. 6, 348 (2021).
Notodonta_dromedarius	ilNotDrom1.1	DToL	GCA_905147325.1	Chromosomal	Lepidoptera	Noctuoidea	Notodontidae	341992784	12059830	10.3	99.35	31	98.9	41	0.3	D. Boyes, P. W. H. Holland, University of Oxford and Wytham Woods Genome Acquisition Lab, Darwin Tree of Life Barcoding collective, Wellcome Sanger Institute Tree of Life programme, Wellcome Sanger Institute Scientific Operations: DNA Pipelines collective, Tree of Life Core Informatics collective, Darwin Tree of Life Consortium, The genome sequence of the iron prominent, Notodonta dromedarius (Linnaeus, 1767). Wellcome Open Res. 6, 341 (2021).
Notodonta_ziczac	ilNotZicz1.1	DToL	GCA_918843915.1	Chromosomal	Lepidoptera	Noctuoidea	Notodontidae	352061436	12722079	11.7	99.66	31	98.9	54	0.5	D. Boyes, University of Oxford and Wytham Woods Genome Acquisition Lab, Darwin Tree of Life Barcoding collective, Wellcome Sanger Institute Tree of Life programme, Wellcome Sanger Institute Scientific Operations: DNA Pipelines collective, Tree of Life Core Informatics collective, T. Lewin, Darwin Tree of Life Consortium, The genome sequence of the pebble prominent, Notodonta ziczac (Linnaeus, 1758). Wellcome Open Res. 7, 111 (2022).
Nymphalis_polychloros	ilNymPoly1.2	DToL	GCA_905220585.2	Chromosomal	Lepidoptera	Papilionoidea	Nymphalidae	398112767	13933406	13.9	99.92	31	98.8	26	0.2	K. Lohse, D. Laetsch, R. Vila, Darwin Tree of Life Barcoding collective, Wellcome Sanger Institute Tree of Life programme, Wellcome Sanger Institute Scientific Operations: DNA Pipelines collective, Tree of Life Core Informatics collective, Darwin Tree of Life Consortium, The genome sequence of the large tortoiseshell, Nymphalis polychloros (Linnaeus, 1758). Wellcome Open Res. 6, 238 (2021).
Nymphalis_urticae	ilAglUrti1.2	DToL	GCA_905147175.2	Chromosomal	Lepidoptera	Papilionoidea	Nymphalidae	392818832	13174286	12.9	99.97	31	98.7	15	0.1	G. Bishop, S. Ebdon, K. Lohse, R. Vila, Darwin Tree of Life Barcoding collective, Wellcome Sanger Institute Tree of Life programme, Wellcome Sanger Institute Scientific Operations: DNA Pipelines collective, Tree of Life Core Informatics collective, Darwin Tree of Life Consortium, The genome sequence of the small tortoiseshell butterfly, Aglais urticae (Linnaeus, 1758). Wellcome Open Res. 6, 233 (2021).
Ochlodes_sylvanus	ilOchSylv3.1	DToL	GCA_905404295.1	Chromosomal	Lepidoptera	Papilionoidea	Hesperiidae	379686201	13557832	6.8	99.97	29	98.4	59	0.5	K. Lohse, A. Hayward, R. Vila, A. P. S. Carvalho, A. Y. Kawahara, Wellcome Sanger Institute Tree of Life programme, Wellcome Sanger Institute Scientific Operations: DNA Pipelines collective, Tree of Life Core Informatics collective, Darwin Tree of Life Consortium, The genome sequence of the Large Skipper, Ochlodes sylvanus, (Esper, 1777). Wellcome Open Res. 8, 75 (2023).
Ochropleura_plecta	ilOchPlec1.1	DToL	GCA_905475445.1	Chromosomal	Lepidoptera	Noctuoidea	Noctuidae	643962443	21894754	9.62	99.98	31	99	52	0.5	
Omphaloscelis_lunosa	ilOmpLuno1.1	DToL	GCA_916610215.1	Chromosomal	Lepidoptera	Noctuoidea	Noctuidae	661874710	22138921	21.6	99.9	31	98.9	58	0.5	
Operophtera_brumata	ilOpeBrum1.1	DToL	GCA_932527175.1	Chromosomal	Lepidoptera	Geometroidea	Geometridae	619179106	43329000	24.1	99.72	15	98	88	0.6	
Opisthograptis_luteolata	ilOpiLute1.2	DToL	GCA_931315375.2	Chromosomal	Lepidoptera	Geometroidea	Geometridae	363201500	13236533	13.1	99.97	31	98.3	36	0.3	D. Boyes, University of Oxford and Wytham Woods Genome Acquisition Lab, Darwin Tree of Life Barcoding collective, Wellcome Sanger Institute Tree of Life programme, Wellcome Sanger Institute Scientific Operations: DNA Pipelines collective, Tree of Life Core Informatics collective, D. Phillips, Darwin Tree of Life Consortium, The genome sequence of the brimstone moth, Opisthograptis luteolata (Linnaeus, 1758). Wellcome Open Res. 7, 227 (2022).
Orgyia_antiqua	ilOrgAnti1.1	DToL	GCA_916999025.1	Chromosomal	Lepidoptera	Noctuoidea	Erebidae	480110421	34414056	32	99.96	14	98.8	57	0.5	
Pammene_fasciana	ilPamFasc1.1	DToL	GCA_911728535.1	Chromosomal	Lepidoptera	Tortricoidea	Tortricidae	564437882	20742756	16	99.94	28	98.2	109	0.9	D. Boyes, T. Lewin, University of Oxford and Wytham Woods Genome Acquisition Lab, Darwin Tree of Life Barcoding collective, Wellcome Sanger Institute Tree of Life programme, Wellcome Sanger Institute Scientific Operations: DNA Pipelines collective, Tree of Life Core Informatics collective, Darwin Tree of Life Consortium, The genome sequence of the acorn piercer, Pammene fasciana (Linnaeus, 1761). Wellcome Open Res. 7, 258 (2022).
Pandemis_cinnamomeana	ilPanCinn1.1	DToL	GCA_932294345.1	Chromosomal	Lepidoptera	Tortricoidea	Tortricidae	426135498	15160100	11.7	99.84	30	98.5	46	0.4	
Papilio_machaon	ilPapMach1.1	DToL	GCA_912999745.1	Chromosomal	Lepidoptera	Papilionoidea	Papilionidae	252129366	8777606	8.64	99.97	30	99.3	102	0.9	K. Lohse, A. Hayward, D. R. Laetsch, R. Vila, T. Yumnam, Wellcome Sanger Institute Tree of Life programme, Wellcome Sanger Institute Scientific Operations: DNA Pipelines collective, Tree of Life Core Informatics collective, Darwin Tree of Life Consortium, The genome sequence of the common yellow swallowtail, Papilio machaon (Linnaeus, 1758). Wellcome Open Res. 7, 261 (2022).
Parapoynx_stratiotata	ilParStra1.1	DToL	GCA_910589355.1	Chromosomal	Lepidoptera	Pyraloidea	Crambidae	478248748	17072597	13.8	99.98	30	98.4	39	0.4	D. Boyes, R. Chadd, P. Mulhair, University of Oxford and Wytham Woods Genome Acquisition Lab, Natural History Museum Genome Acquisition Lab, Darwin Tree of Life Barcoding collective, Wellcome Sanger Institute Tree of Life programme, Wellcome Sanger Institute Scientific Operations: DNA Pipelines collective, Tree of Life Core Informatics collective, Darwin Tree of Life Consortium, The genome sequence of the ringed china-mark, Parapoynx stratiotata (Linnaeus, 1758). Wellcome Open Res. 7, 121 (2022).
Pararge_aegeria	ilParAegt1.1	DToL	GCA_905163445.1	Chromosomal	Lepidoptera	Papilionoidea	Nymphalidae	516586240	19375358	19.4	99.39	28	98.6	46	0.4	K. Lohse, E. Taylor-Cox, Darwin Tree of Life Barcoding collective, Wellcome Sanger Institute Tree of Life programme, Wellcome Sanger Institute Scientific Operations: DNA Pipelines collective, Tree of Life Core Informatics collective, Darwin Tree of Life Consortium, The genome sequence of the speckled wood butterfly, Pararge aegeria (Linnaeus, 1758). Wellcome Open Res. 6, 287 (2021).
Peribatodes_rhomboidaria	ilPerRhom1.1	DToL	GCA_911728515.1	Chromosomal	Lepidoptera	Geometroidea	Geometridae	499728750	17104115	15.1	99.96	31	98.2	58	0.5	
Phalera_bucephala	ilPhaBuce1.2	DToL	GCA_905147815.2	Chromosomal	Lepidoptera	Noctuoidea	Notodontidae	933147695	34116407	8.47	99.59	30	98.8	113	1	D. Boyes, P. W. H. Holland, University of Oxford and Wytham Woods Genome Acquisition Lab, Darwin Tree of Life Barcoding collective, Wellcome Sanger Institute Tree of Life programme, Wellcome Sanger Institute Scientific Operations: DNA Pipelines collective, Tree of Life Core Informatics collective, Darwin Tree of Life Consortium, The genome sequence of the buff-tip, Phalera bucephala (Linnaeus, 1758). Wellcome Open Res. 7, 28 (2022).
Pheosia_gnoma	ilPheGnom1.1	DToL	GCA_905404115.1	Chromosomal	Lepidoptera	Noctuoidea	Notodontidae	271350489	9829711	7.54	99.93	31	98.8	44	0.4	D. Boyes, Z. Goate, University of Oxford and Wytham Woods Genome Acquisition Lab, Wellcome Sanger Institute Tree of Life programme, Wellcome Sanger Institute Scientific Operations: DNA Pipelines collective, Tree of Life Core Informatics collective, Darwin Tree of Life Consortium, The genome sequence of the Lesser Swallow Prominent, Pheosia gnoma (Fabricius, 1777). Wellcome Open Res. 8, 192 (2023).
Pheosia_tremula	ilPheTrem1.1	DToL	GCA_905333125.1	Chromosomal	Lepidoptera	Noctuoidea	Notodontidae	290221673	10632747	7.7	99.94	31	98.7	32	0.3	D. Boyes, P. W. H. Holland, University of Oxford and Wytham Woods Genome Acquisition Lab, Darwin Tree of Life Barcoding collective, Wellcome Sanger Institute Tree of Life programme, Wellcome Sanger Institute Scientific Operations: DNA Pipelines collective, Tree of Life Core Informatics collective, Darwin Tree of Life Consortium, The genome sequence of the swallow prominent, Pheosia tremula (Clerck, 1759). Wellcome Open Res. 6, 335 (2021).
Philereme_vetulata	ilPhiVetu1.1	DToL	GCA_918857605.1	Chromosomal	Lepidoptera	Geometroidea	Geometridae	771080484	12931513	6.3	99.92	67	98.4	104	0.9	D. Boyes, C. Tyler-Smith, University of Oxford and Wytham Woods Genome Acquisition Lab, Darwin Tree of Life Barcoding collective, Wellcome Sanger Institute Tree of Life programme, Wellcome Sanger Institute Scientific Operations: DNA Pipelines collective, Tree of Life Core Informatics collective, Darwin Tree of Life Consortium, The genome sequence of the Brown Scallop, Philereme vetulata (Denis and Schiffermüller, 1775). Wellcome Open Res. 8, 58 (2023).
Phlogophora_meticulosa	ilPhlMeti2.2	DToL	GCA_905147745.2	Chromosomal	Lepidoptera	Noctuoidea	Noctuidae	538659867	18098236	17.3	99.97	31	97.2	51	0.5	D. Boyes, P. W. H. Holland, University of Oxford and Wytham Woods Genome Acquisition Lab, Darwin Tree of Life Barcoding collective, Wellcome Sanger Institute Tree of Life programme, Wellcome Sanger Institute Scientific Operations: DNA Pipelines collective, Tree of Life Core Informatics collective, Darwin Tree of Life Consortium, The genome sequence of the angle shades moth, Phlogophora meticulosa (Linnaeus, 1758)[version 1; peer review: 2 approved]. Wellcome Open Res. 7, 89 (2022).
Phragmatobia_fuliginosa	ilPhrFuli1.1	DToL	GCA_932526445.1	Chromosomal	Lepidoptera	Noctuoidea	Erebidae	629457366	22865098	14.1	99.97	28	98.7	116	0.9	D. Boyes, O. T. Lewis, University of Oxford and Wytham Woods Genome Acquisition Lab, Darwin Tree of Life Barcoding collective, Wellcome Sanger Institute Tree of Life programme, Wellcome Sanger Institute Scientific Operations: DNA Pipelines collective, Tree of Life Core Informatics collective, Darwin Tree of Life Consortium, The genome sequence of the Ruby Tiger, Phragmatobia fuliginosa (Linnaeus, 1758). Wellcome Open Res. 8, 124 (2023).
Pieris_brassicae	ilPieBrab1.1	DToL	GCA_905147105.1	Chromosomal	Lepidoptera	Papilionoidea	Pieridae	292341157	21549451	21.3	95.12	15	99	32	0.3	K. Lohse, A. Mackintosh, Darwin Tree of Life Barcoding collective, Wellcome Sanger Institute Tree of Life programme, Wellcome Sanger Institute Scientific Operations: DNA Pipelines collective, Tree of Life Core Informatics collective, Darwin Tree of Life Consortium, The genome sequence of the large white, Pieris brassicae (Linnaeus, 1758). Wellcome Open Res. 6, 262 (2021).
Pieris_napi	ilPieNapi4.1	DToL	GCA_905231885.1	Chromosomal	Lepidoptera	Papilionoidea	Pieridae	320004350	12982002	11.5	99.74	25	99	68	0.5	K. Lohse, A. Hayward, S. Ebdon, Darwin Tree of Life Barcoding collective, Wellcome Sanger Institute Tree of Life programme, Wellcome Sanger Institute Scientific Operations: DNA Pipelines collective, Tree of Life Core Informatics collective, Darwin Tree of Life Consortium, The genome sequences of the male and female green-veined white, Pieris napi (Linnaeus, 1758). Wellcome Open Res. 6, 288 (2021).
Pieris_rapae	ilPieRapa1.1	DToL	GCA_905147795.1	Chromosomal	Lepidoptera	Papilionoidea	Pieridae	256370197	10651053	10.7	99.84	25	98.8	38	0.4	K. Lohse, S. Ebdon, R. Vila, Darwin Tree of Life Barcoding collective, Wellcome Sanger Institute Tree of Life programme, Wellcome Sanger Institute Scientific Operations: DNA Pipelines collective, Tree of Life Core Informatics collective, Darwin Tree of Life Consortium, The genome sequence of the small white, Pieris rapae (Linnaeus, 1758). Wellcome Open Res. 6, 273 (2021).
Plebejus_argus	ilPleArgu1.2	DToL	GCA_905404155.2	Chromosomal	Lepidoptera	Papilionoidea	Lycaenidae	382120270	16721534	3.7	99.61	23	96.9	53	0.4	A. Hayward, K. Lohse, D. R. Laetsch, R. Vila, Wellcome Sanger Institute Tree of Life programme, Wellcome Sanger Institute Scientific Operations: DNA Pipelines collective, Tree of Life Core Informatics collective, E. Taluy, Darwin Tree of Life Consortium, The genome sequence of the silver-studded blue, Plebejus argus (Linnaeus, 1758). Wellcome Open Res. 7, 315 (2022).
Plutella_xylostella	ilPluXylo3.1	DToL	GCA_932276165.1	Chromosomal	Lepidoptera	Yponomeutoidea	Plutellidae	323337879	11339310	11	99.97	31	98	65	0.6	
Polyommatus_icarus	ilPolIcar1.1	DToL	GCA_937595015.1	Chromosomal	Lepidoptera	Papilionoidea	Lycaenidae	511758028	21845677	5.52	99.89	23	97.2	74	0.5	K. Lohse, Wellcome Sanger Institute Tree of Life programme, Wellcome Sanger Institute Scientific Operations: DNA Pipelines collective, Tree of Life Core Informatics collective, Darwin Tree of Life Consortium, The genome sequence of the Common Blue, Polyommatus icarus (Rottemburg, 1775) [version 1; peer review: awaiting peer review]. Wellcome Open Res. 8, 72 (2023).
Protodeltote_pygarga	ilProPyga1.1	DToL	GCA_936450705.1	Chromosomal	Lepidoptera	Noctuoidea	Noctuidae	421684553	14964455	14.2	100	31	99	21	0.2	
Ptilodon_capucinus	ilPtiCapc1.1	DToL	GCA_914767695.1	Chromosomal	Lepidoptera	Noctuoidea	Notodontidae	348711871	12643213	12.6	100	31	98.7	40	0.4	
Pyrgus_malvae	ilPyrMalv3.1	DToL	GCA_911387765.1	Chromosomal	Lepidoptera	Papilionoidea	Hesperiidae	724649524	26976370	26	99.95	31	98.7	44	0.4	A. Hayward, R. Vila, K. Lohse, D. Laetsch, Darwin Tree of Life Barcoding collective, Wellcome Sanger Institute Tree of Life programme, Wellcome Sanger Institute Scientific Operations: DNA Pipelines collective, Tree of Life Core Informatics collective, Darwin Tree of Life Consortium, The genome sequence of the grizzled skipper, Pyrgus malvae (Linnaeus, 1758). Wellcome Open Res. 7, 114 (2022).
Schrankia_costaestrigalis	ilSchCost1.1	DToL	GCA_905475405.1	Chromosomal	Lepidoptera	Noctuoidea	Erebidae	571991991	20082482	14.4	99.91	31	97.5	55	0.5	D. Boyes, P. W. H. Holland, University of Oxford and Wytham Woods Genome Acquisition Lab, Darwin Tree of Life Barcoding collective, Wellcome Sanger Institute Tree of Life programme, Wellcome Sanger Institute Scientific Operations: DNA Pipelines collective, Tree of Life Core Informatics collective, Darwin Tree of Life Consortium, The genome sequence of the Pinion-streaked Snout, Schrankia costaestrigalis (Stephens, 1834). Wellcome Open Res. 8, 203 (2023).
Selenia_dentaria	ilSelDent1.1	DToL	GCA_917880725.1	Chromosomal	Lepidoptera	Geometroidea	Geometridae	1030772253	35319394	20.1	99.85	30	98.7	132	1	
Sesia_apiformis	ilSesApif2.1	DToL	GCA_914767545.1	Chromosomal	Lepidoptera	Sesioidea	Sesiidae	546808751	19957231	20	99.97	31	98.7	71	0.6	
Sesia_bembeciformis	ilSesBemb1.1	DToL	GCA_943735995.1	Chromosomal	Lepidoptera	Sesioidea	Sesiidae	477151446	17397286	17.1	99.84	31	98.7	54	0.5	D. Boyes, W. B. V. Langdon, University of Oxford and Wytham Woods Genome Acquisition Lab, Darwin Tree of Life Barcoding collective, Wellcome Sanger Institute Tree of Life programme, Wellcome Sanger Institute Scientific Operations: DNA Pipelines collective, Tree of Life Core Informatics collective, Darwin Tree of Life Consortium, The genome sequence of the Lunar Hornet, Sesia bembeciformis (Hübner 1806). Wellcome Open Res. 8, 109 (2023).
Spilarctia_lutea	ilSpiLutu1.1	DToL	GCA_916048165.1	Chromosomal	Lepidoptera	Noctuoidea	Erebidae	584787352	20170318	19.1	99.89	31	99	99	0.9	D. Boyes, P. W. H. Holland, University of Oxford and Wytham Woods Genome Acquisition Lab, Darwin Tree of Life Barcoding collective, Wellcome Sanger Institute Tree of Life programme, Wellcome Sanger Institute Scientific Operations: DNA Pipelines collective, Tree of Life Core Informatics collective, Darwin Tree of Life Consortium, The genome sequence of the Buff Ermine, Spilarctia lutea (Hufnagel, 1766). Wellcome Open Res. 8, 92 (2023).
Spilosoma_lubricipeda	ilSpiLubr1.1	DToL	GCA_905220595.1	Chromosomal	Lepidoptera	Noctuoidea	Erebidae	587362176	21028324	20.6	99.97	30	98.8	77	0.7	D. Boyes, P. W. H. Holland, University of Oxford and Wytham Woods Genome Acquisition Lab, Darwin Tree of Life Barcoding collective, Wellcome Sanger Institute Tree of Life programme, Wellcome Sanger Institute Scientific Operations: DNA Pipelines collective, Tree of Life Core Informatics collective, Darwin Tree of Life Consortium, The genome sequence of the white ermine, Spilosoma lubricipeda Linnaeus 1758. Wellcome Open Res. 6, 271 (2021).
Spodoptera_exigua	QAU_Sexi_v1	INSDC	GCA_022315195.1	Chromosomal	Lepidoptera	Noctuoidea	Noctuidae	432125622	14842582	9.6	98.5	31	97.8	84	0.8	B. Zhang, B. Liu, C. Huang, L. Xing, Z. Li, C. Liu, H. Zhou, G. Zheng, J. Li, J. Han, Q. Yu, C. Yang, W. Qian, F. Wan, C. Li, A chromosome-level genome assembly of the beet armyworm Spodoptera exigua. Genomics. 115, 110571 (2023).
Spodoptera_frugiperda	ZJU_Sfru_1.1	INSDC	GCA_011064685.2	Chromosomal	Lepidoptera	Noctuoidea	Noctuidae	485954603	16346893	1.1	98.3	31	95.6	1353	12.7	H. Xiao, X. Ye, H. Xu, Y. Mei, Y. Yang, X. Chen, Y. Yang, T. Liu, Y. Yu, W. Yang, Z. Lu, F. Li, The genetic adaptations of fall armyworm Spodoptera frugiperda facilitated its rapid global dispersal and invasion. Mol. Ecol. Resour. 20, 1050–1068 (2020).
Spodoptera_litura	ASM270686v3	INSDC	GCA_002706865.3	Chromosomal	Lepidoptera	Noctuoidea	Noctuidae	429567674	13592034	0.07	94.04	31	99	47	0.4	T. Cheng, J. Wu, Y. Wu, R. V. Chilukuri, L. Huang, K. Yamamoto, L. Feng, W. Li, Z. Chen, H. Guo, J. Liu, S. Li, X. Wang, L. Peng, D. Liu, Y. Guo, B. Fu, Z. Li, C. Liu, Y. Chen, A. Tomar, F. Hilliou, N. Montagné, E. Jacquin-Joly, E. d’Alençon, R. K. Seth, R. K. Bhatnagar, A. Jouraku, T. Shiotsuki, K. Kadono-Okuda, A. Promboon, G. Smagghe, K. P. Arunkumar, H. Kishino, M. R. Goldsmith, Q. Feng, Q. Xia, K. Mita, Genomic adaptation to polyphagy and insecticides in a major East Asian noctuid pest. Nat Ecol Evol. 1, 1747–1756 (2017).
Stenoptilia_bipunctidactyla	ilSteBipu1.1	DToL	GCA_944452665.1	Chromosomal	Lepidoptera	Pterophoroidea	Pterophoridae	822897450	27025175	3.69	97.29	30	97.6	85	0.8	W. B. V. Langdon, University of Oxford and Wytham Woods Genome Acquisition Lab, Darwin Tree of Life Barcoding collective, Wellcome Sanger Institute Tree of Life programme, Wellcome Sanger Institute Scientific Operations: DNA Pipelines collective, Tree of Life Core Informatics collective, Darwin Tree of Life Consortium, The genome sequence of the Twin-spot Plume, Stenoptilia bipunctidactyla (Scopoli, 1763). Wellcome Open Res. 8, 103 (2023).
Synanthedon_andrenaeformis	ilSynAndr1.1	DToL	GCA_936446665.1	Chromosomal	Lepidoptera	Sesioidea	Sesiidae	348160761	12514222	11.3	99.99	31	97.9	66	0.6	
Synanthedon_myopaeformis	ilSynMyop1.1	DToL	GCA_944738685.1	Chromosomal	Lepidoptera	Sesioidea	Sesiidae	295689421	10766502	10.4	99.97	31	98	61	0.6	
Synanthedon_vespiformis	ilSynVesp1.1	DToL	GCA_918317495.1	Chromosomal	Lepidoptera	Sesioidea	Sesiidae	287400900	10410606	10.3	99.99	31	98	67	0.6	D. Boyes, University of Oxford and Wytham Woods Genome Acquisition Lab, Darwin Tree of Life Barcoding collective, Wellcome Sanger Institute Tree of Life programme, Wellcome Sanger Institute Scientific Operations: DNA Pipelines collective, Tree of Life Core Informatics collective, D. Lees, Darwin Tree of Life Consortium, The genome sequence of the yellow-legged clearwing, Synanthedon vespiformis (Linnaeus, 1761). Wellcome Open Res. 7, 233 (2022).
Thera_britannica	ilTheBrit1.1	DToL	GCA_939531255.1	Chromosomal	Lepidoptera	Geometroidea	Geometridae	379777695	23200458	6.1	99.91	19	98.3	56	0.4	D. H. Boyes, University of Oxford and Wytham Woods Genome Acquisition Lab, Darwin Tree of Life Barcoding collective, Wellcome Sanger Institute Tree of Life programme, Wellcome Sanger Institute Scientific Operations: DNA Pipelines collective, Tree of Life Core Informatics collective, Darwin Tree of Life Consortium, The genome sequence of the Spruce Carpet Moth, Thera britannica (Turner, 1925)[version 1; peer review: 1 approved]. Wellcome Open Res. 8, 114 (2023).
Tholera_decimalis	ilThoDeci1.1	DToL	GCA_943138885.1	Chromosomal	Lepidoptera	Noctuoidea	Noctuidae	1320997691	44265000	9.4	99.89	31	99	116	0.9	D. Boyes, P. W. H. Holland, University of Oxford and Wytham Woods Genome Acquisition Lab, Darwin Tree of Life Barcoding collective, Wellcome Sanger Institute Tree of Life programme, Wellcome Sanger Institute Scientific Operations: DNA Pipelines collective, Tree of Life Core Informatics collective, Darwin Tree of Life Consortium, The genome sequence of the Feathered Gothic, Tholera decimalis (Poda, 1761). Wellcome Open Res. 8, 200 (2023).
Thyatira_batis	ilThyBati1.1	DToL	GCA_905147785.1	Chromosomal	Lepidoptera	Drepanoidea	Drepanidae	314798901	11052377	7.46	99.68	31	99	29	0.3	D. Boyes, P. W. H. Holland, University of Oxford and Wytham Woods Genome Acquisition Lab, Darwin Tree of Life Barcoding collective, Wellcome Sanger Institute Tree of Life programme, Wellcome Sanger Institute Scientific Operations: DNA Pipelines collective, Tree of Life Core Informatics collective, Darwin Tree of Life Consortium, The genome sequence of the peach blossom moth, Thyatira batis (Linnaeus, 1758). Wellcome Open Res. 6, 267 (2021).
Thymelicus_sylvestris	ilThySylv1.1	DToL	GCA_911387775.1	Chromosomal	Lepidoptera	Papilionoidea	Hesperiidae	470727450	17253319	16.6	99.96	28	98.6	62	0.5	A. Hayward, R. Biscocho, Darwin Tree of Life Barcoding collective, Wellcome Sanger Institute Tree of Life programme, Wellcome Sanger Institute Scientific Operations: DNA Pipelines collective, Tree of Life Core Informatics collective, Darwin Tree of Life Consortium, The genome sequence of the small skipper, Thymelicus sylvestris (Poda, 1761). Wellcome Open Res. 7, 35 (2022)
Tinea_semifulvella	ilTinSemi1.1	DToL	GCA_910589645.1	Chromosomal	Lepidoptera	Tineoidea	Tineidae	596601316	12715305	12	100	45	95.4	88	0.8	D. Boyes, C. Boyes, University of Oxford and Wytham Woods Genome Acquisition Lab, Darwin Tree of Life Barcoding collective, Wellcome Sanger Institute Tree of Life programme, Wellcome Sanger Institute Scientific Operations: DNA Pipelines collective, Tree of Life Core Informatics collective, Darwin Tree of Life Consortium, The genome sequence of the Fulvous Clothes Moth, Tinea semifulvella (Haworth, 1828). Wellcome Open Res. 8, 104 (2023).
Tinea_trinotella	ilTinTrin1.1	DToL	GCA_905220615.1	Chromosomal	Lepidoptera	Tineoidea	Tineidae	371738977	13660558	13.7	99.98	30	94.7	91	0.8	D. Boyes, P. Chua, University of Oxford and Wytham Woods Genome Acquisition Lab, Darwin Tree of Life Barcoding collective, Wellcome Sanger Institute Tree of Life programme, Wellcome Sanger Institute Scientific Operations: DNA Pipelines collective, Tree of Life Core Informatics collective, Darwin Tree of Life Consortium, The genome sequence of the bird’s nest moth, Tinea trinotella (Thunberg, 1794). Wellcome Open Res. 7, 124 (2022).
Vanessa_atalanta	ilVanAtal1.2	DToL	GCA_905147765.2	Chromosomal	Lepidoptera	Papilionoidea	Nymphalidae	370436055	12792537	12.2	99.44	31	98.8	16	0.1	K. Lohse, A. García-Berro, G. Talavera, Darwin Tree of Life Barcoding collective, Wellcome Sanger Institute Tree of Life programme, Wellcome Sanger Institute Scientific Operations: DNA Pipelines collective, Tree of Life Core Informatics collective, Darwin Tree of Life Consortium, The genome sequence of the red admiral, Vanessa atalanta (Linnaeus, 1758). Wellcome Open Res. 6, 356 (2021).
Vanessa_cardui	ilVanCard2.2	DToL	GCA_905220365.2	Chromosomal	Lepidoptera	Papilionoidea	Nymphalidae	424813635	14615999	7.04	99.94	31	98.8	18	0.2	K. Lohse, C. Wright, G. Talavera, A. García-Berro, Darwin Tree of Life Barcoding collective, Wellcome Sanger Institute Tree of Life programme, Wellcome Sanger Institute Scientific Operations: DNA Pipelines collective, Tree of Life Core Informatics collective, Darwin Tree of Life Consortium, The genome sequence of the painted lady, Vanessa cardui Linnaeus 1758. Wellcome Open Res. 6, 324 (2021).
Watsonalla_binaria	ilWatBina1.1	DToL	GCA_929442735.1	Chromosomal	Lepidoptera	Drepanoidea	Drepanidae	333062894	11581856	11.6	99.95	31	98.6	41	0.4	
Xestia_c-nigrum	ilXesCnig1.1	DToL	GCA_916618015.1	Chromosomal	Lepidoptera	Noctuoidea	Noctuidae	760318956	25717762	25	99.91	31	98.7	61	0.5	G. R. Broad, D. Boyes, University of Oxford and Wytham Woods Genome Acquisition Lab, Natural History Museum Genome Acquisition Lab, Darwin Tree of Life Barcoding collective, Wellcome Sanger Institute Tree of Life programme, Wellcome Sanger Institute Scientific Operations: DNA Pipelines collective, Tree of Life Core Informatics collective, Darwin Tree of Life Consortium, The genome sequence of the setaceous Hebrew character, Xestia c-nigrum, (Linnaeus, 1758)[version 1; peer review: 2 approved]. Wellcome Open Res. 7, 295 (2022).
Xestia_sexstrigata	ilXesSexs1.1	DToL	GCA_941918905.1	Chromosomal	Lepidoptera	Noctuoidea	Noctuidae	638619631	21793951	11.7	99.99	31	99.1	50	0.5	
Xestia_xanthographa	ilXesXant1.2	DToL	GCA_905147715.2	Chromosomal	Lepidoptera	Noctuoidea	Noctuidae	933882218	31247186	9.15	99.87	31	98.7	97	0.8	D. Boyes, P. W. H. Holland, University of Oxford and Wytham Woods Genome Acquisition Lab, Darwin Tree of Life Barcoding collective, Wellcome Sanger Institute Tree of Life programme, Wellcome Sanger Institute Scientific Operations: DNA Pipelines collective, Tree of Life Core Informatics collective, Darwin Tree of Life Consortium, The genome sequence of the square-spot rustic, Xestia xanthographa (Schiffermuller, 1775). Wellcome Open Res. 7, 37 (2022).
Xylocampa_areola	ilXylAreo1.1	DToL	GCA_935421205.1	Chromosomal	Lepidoptera	Noctuoidea	Noctuidae	564568605	19946087	19.6	99.95	31	99.1	38	0.4	D. Lees, D. Boyes, Natural History Museum Genome Acquisition Lab, University of Oxford and Wytham Woods Genome Acquisition Lab, Darwin Tree of Life Barcoding collective, Wellcome Sanger Institute Tree of Life programme, Wellcome Sanger Institute Scientific Operations: DNA Pipelines collective, Tree of Life Core Informatics collective, Darwin Tree of Life Consortium, The genome sequence of the early grey, Xylocampa areola (Esper, 1789). Wellcome Open Res. 7, 312 (2022).
Yponomeuta_sedellus	ilYpoSedl1.1	DToL	GCA_934045075.1	Chromosomal	Lepidoptera	Yponomeutoidea	Ypsolophidae	657583382	23909508	2.77	99.73	31	97.5	54	0.5	D. Boyes, W. B. V. Langdon, University of Oxford and Wytham Woods Genome Acquisition Lab, Darwin Tree of Life Barcoding collective, Wellcome Sanger Institute Tree of Life programme, Wellcome Sanger Institute Scientific Operations: DNA Pipelines collective, Tree of Life Core Informatics collective, Darwin Tree of Life Consortium, The genome sequence of the Grey Ermine, Yponomeuta sedella (Treitschke, 1832). Wellcome Open Res. 8, 50 (2023).
Ypsolopha_scabrella	ilYpsScab1.1	DToL	GCA_910592155.1	Chromosomal	Lepidoptera	Yponomeutoidea	Ypsolophidae	853595150	29858840	26.5	99.97	30	98	183	1.6	
Ypsolopha_sequella	ilYpsSequ2.1	DToL	GCA_934047225.1	Chromosomal	Lepidoptera	Yponomeutoidea	Ypsolophidae	866879050	28919749	20.8	98.75	30	98	127	1.1	D. Boyes, W. B. V. Langdon, University of Oxford and Wytham Woods Genome Acquisition Lab, Darwin Tree of Life Barcoding collective, Wellcome Sanger Institute Tree of Life programme, Wellcome Sanger Institute Scientific Operations: DNA Pipelines collective, Tree of Life Core Informatics collective, Darwin Tree of Life Consortium, The genome sequence of the Pied Smudge, Ypsolopha sequella (Clerck, 1759). Wellcome Open Res. 8, 32 (2023).
Zeuzera_pyrina	ilZeuPyri1.1	DToL	GCA_907165235.1	Chromosomal	Lepidoptera	Cossoidea	Cossidae	686903256	24575201	23.5	99.97	31	98.7	34	0.3	D. Boyes, P. W. H. Holland, University of Oxford and Wytham Woods Genome Acquisition Lab, Darwin Tree of Life Barcoding collective, Wellcome Sanger Institute Tree of Life programme, Wellcome Sanger Institute Scientific Operations: DNA Pipelines collective, Tree of Life Core Informatics collective, Darwin Tree of Life Consortium, The genome sequence of the Leopard Moth, Zeuzera pyrina (Linnaeus, 1761). Wellcome Open Res. 8, 94 (2023).
Zygaena_filipendulae	ilZygFili1.2	DToL	GCA_907165275.2	Chromosomal	Lepidoptera	Zygaenoidea	Zygaenidae	365946273	12640274	12.6	99.54	30	97.8	49	0.5	D. Boyes, L. M. Crowley, C. Skojec, D. Plotkin, A. Y. Kawahara, University of Oxford and Wytham Woods Genome Acquisition Lab, Darwin Tree of Life Barcoding collective, Wellcome Sanger Institute Tree of Life programme, Wellcome Sanger Institute Scientific Operations: DNA Pipelines collective, Tree of Life Core Informatics collective, Darwin Tree of Life Consortium, The genome sequence of the 6-spot burnet, Zygaena filipendulae (Linnaeus, 1758). Wellcome Open Res. 7, 197 (2022).